datetime,y_true,y_pred,lower,upper
2017-01-01 00:00:00,485.0,460.7964838590477,422.8950149476758,498.69795277041965
2017-01-01 01:00:00,477.0,442.79020424925005,383.0699852536516,502.5104232448485
2017-01-01 02:00:00,454.0,425.6856142200178,351.18525630880794,500.18597213122763
2017-01-01 03:00:00,418.0,409.84247535166253,324.42576206984523,495.2591886334798
2017-01-01 04:00:00,438.0,394.72975994435416,300.4722914245425,488.9872284641658
2017-01-01 05:00:00,453.0,380.3137929519493,278.677994292865,481.94959161103367
2017-01-01 06:00:00,433.0,366.56245186432415,258.6504494316133,474.474454297035
2017-01-01 07:00:00,416.0,353.4450951300976,240.1239006753015,466.76628958489374
2017-01-01 08:00:00,421.0,340.932493879315,222.90458951460258,458.9603982440275
2017-01-01 09:00:00,424.0,328.99676679395117,206.84362394579108,451.14990964211125
2017-01-01 10:00:00,413.0,317.6113179811092,191.8220441850227,443.4005917771957
2017-01-01 11:00:00,425.0,306.7507777104791,177.74194263982645,435.75961278113175
2017-01-01 12:00:00,381.0,296.39094588400445,164.52085656551063,428.2610352024983
2017-01-01 13:00:00,466.0,286.5087381117929,152.08805162583047,420.92942459775537
2017-01-01 14:00:00,542.0,277.0821342741136,140.38195822104834,413.78231032717895
2017-01-01 15:00:00,568.0,268.0901294548642,129.34834242645397,406.8319164832744
2017-01-01 16:00:00,568.0,259.51268713717474,118.93896286165958,400.0864114126899
2017-01-01 17:00:00,543.0,251.3306945568558,109.11055942017876,393.5508296935328
2017-01-01 18:00:00,522.0,243.52592011420745,99.82407500222311,387.22776522619176
2017-01-01 19:00:00,487.0,236.0809727492903,91.04404486625191,381.1179006323287
2017-01-01 20:00:00,475.0,228.9792631901375,82.73810918867284,375.2204171916021
2017-01-01 21:00:00,459.0,222.20496698755807,74.87661794933217,369.53331602578396
2017-01-01 22:00:00,453.0,215.74298925416332,67.43230621254165,364.05367229578496
2017-01-01 23:00:00,417.0,209.5789310290462,60.380023934099825,358.7778381239926
2017-01-02 00:00:00,395.0,203.69905719316506,53.69650861289543,353.7016057734347
2017-01-02 01:00:00,420.0,198.09026586393935,47.36019205387743,348.8203396740013
2017-01-02 02:00:00,453.0,192.74005920085992,41.351034619718234,344.1290837820016
2017-01-02 03:00:00,429.0,187.63651555706184,35.65038188276509,339.6226492313586
2017-01-02 04:00:00,211.0,182.76826291480597,30.240839720043,335.2956861095689
2017-01-02 05:00:00,116.0,178.12445354567632,25.106164738947058,331.14274235240555
2017-01-02 06:00:00,51.0,173.69473983903035,20.231167559938996,327.15831211812167
2017-01-02 07:00:00,38.0,169.469251244841,15.60162697078411,323.33687551889784
2017-01-02 08:00:00,21.0,165.43857227955328,11.204213343989437,319.67293121511716
2017-01-02 09:00:00,16.0,161.59372154594735,7.026420003265599,316.1610230886291
2017-01-02 10:00:00,23.0,157.9261317202577,3.0565014563974273,312.795761984118
2017-01-02 11:00:00,18.0,154.42763046195614,-0.7165824042226632,309.57184332813495
2017-01-02 12:00:00,58.0,151.09042220365913,-4.303216884953031,306.4840612922713
2017-01-02 13:00:00,176.0,147.90707078058358,-7.71317849095621,303.5273200521234
2017-01-02 14:00:00,109.0,144.87048286084487,-10.955676879243157,300.69664260093293
2017-01-02 15:00:00,267.0,141.97389213967512,-14.039393222017026,297.9871775013672
2017-01-02 16:00:00,260.0,139.2108442623429,-16.972515372548088,295.39420389723387
2017-01-02 17:00:00,212.0,136.57518244217832,-19.762770171848985,292.91313505620565
2017-01-02 18:00:00,183.0,134.06103374165693,-22.41745318940079,290.5395206727146
2017-01-02 19:00:00,136.0,131.66279598597293,-24.943456153400717,288.26904812534656
2017-01-02 20:00:00,137.0,129.37512527994215,-27.347292294120876,286.09754285400516
2017-01-02 21:00:00,125.0,127.19292410041865,-29.635119796918502,284.0209679977558
2017-01-02 22:00:00,153.0,125.11132993769229,-31.81276353836887,282.03542341375345
2017-01-02 23:00:00,165.0,123.12570446055707,-33.8857352592228,280.1371441803369
2017-01-03 00:00:00,225.0,121.23162318090715,-35.85925231086503,278.32249867267933
2017-01-03 01:00:00,275.0,119.42486559483095,-37.73825509722542,276.5879862868873
2017-01-03 02:00:00,293.0,117.70140577823466,-39.5274233213018,274.9302348777711
2017-01-03 03:00:00,293.0,116.05740341604016,-41.23119113429368,273.345997966374
2017-01-03 04:00:00,287.0,114.48919524496785,-42.85376127557498,271.8321517655107
2017-01-03 05:00:00,305.0,112.99328689083677,-44.39911828314243,270.385692064816
2017-01-03 06:00:00,304.0,111.56634508219345,-45.87104084660022,269.0037310109871
2017-01-03 07:00:00,266.0,110.20519022291933,-47.273113368034075,267.6834938138727
2017-01-03 08:00:00,240.0,108.90678930726669,-48.60873679017267,266.42231540470607
2017-01-03 09:00:00,237.0,107.66824916153583,-49.88113874593181,265.21763706900344
2017-01-03 10:00:00,232.0,106.4868099973344,-51.09338307869828,264.0670030733671
2017-01-03 11:00:00,155.0,105.35983926205371,-52.24837877847041,262.96805730257785
2017-01-03 12:00:00,167.0,104.2848257728593,-53.34888837516144,261.91853992088005
2017-01-03 13:00:00,170.0,103.25937412112489,-54.39753582694618,260.91628406919597
2017-01-03 14:00:00,179.0,102.28119933484119,-55.39681393843877,259.95921260812116
2017-01-03 15:00:00,244.0,101.34812178710617,-56.34909134069413,259.04533491490645
2017-01-03 16:00:00,296.0,100.45806233935151,-57.25661906249577,258.1727437411988
2017-01-03 17:00:00,295.0,99.60903770848311,-58.121536720094454,257.33961213706067
2017-01-03 18:00:00,328.0,98.79915604761239,-58.945878350474445,256.5441904456992
2017-01-03 19:00:00,397.0,98.02661273053117,-59.73157791132333,255.78480337238568
2017-01-03 20:00:00,437.0,97.2896863305369,-60.48047446914562,255.0598471302194
2017-01-03 21:00:00,464.0,96.5867347846478,-61.19431709537861,254.3677866646742
2017-01-03 22:00:00,483.0,95.91619173466114,-61.87476948891708,253.70715295823936
2017-01-03 23:00:00,447.0,95.27656303690114,-62.52341434213005,253.07654041593233
2017-01-04 00:00:00,440.0,94.66642343287975,-63.141757466232065,252.47460433199157
2017-01-04 01:00:00,463.0,94.0844133734514,-63.731231690756275,251.90005843765908
2017-01-04 02:00:00,467.0,93.52923598938517,-64.29320055084861,251.35167252961895
2017-01-04 03:00:00,463.0,92.99965420160414,-64.82896177515666,250.82827017836496
2017-01-04 04:00:00,473.0,92.49448796465256,-65.33975058621584,250.32872651552097
2017-01-04 05:00:00,488.0,92.01261163724885,-65.82674282443264,249.85196609893035
2017-01-04 06:00:00,500.0,91.55295147406508,-66.29105790602256,249.39696085415272
2017-01-04 07:00:00,392.0,91.11448323314418,-66.73376162457613,248.96272809086452
2017-01-04 08:00:00,338.0,90.69622989362342,-67.15586880529146,248.54832859253833
2017-01-04 09:00:00,338.0,90.29725947867877,-67.55834582032708,248.1528647776846
2017-01-04 10:00:00,441.0,89.91668297883899,-67.94211297318378,247.77547893086177
2017-01-04 11:00:00,333.0,89.55365237104219,-68.30804675952153,247.41535150160593
2017-01-04 12:00:00,167.0,89.20735872902068,-68.65698201135024,247.0716994693916
2017-01-04 13:00:00,216.0,88.87703042080364,-68.98971393109804,246.7437747727053
2017-01-04 14:00:00,291.0,88.56193138932112,-69.3070000216586,246.43086280030082
2017-01-04 15:00:00,325.0,88.26135951227816,-69.60956191814368,246.1322809427
2017-01-04 16:00:00,367.0,87.97464503764438,-69.89808712671719,245.84737720200593
2017-01-04 17:00:00,322.0,87.70114909127284,-70.17323067556296,245.57552885810864
2017-01-04 18:00:00,298.0,87.440262253323,-70.435616682735,245.316141189381
2017-01-04 19:00:00,304.0,87.19140320031529,-70.68583984535654,245.0686462459871
2017-01-04 20:00:00,346.0,86.95401740979182,-70.92446685437048,244.8325016739541
2017-01-04 21:00:00,356.0,86.7275759246966,-71.15203773879742,244.6071895881906
2017-01-04 22:00:00,380.0,86.51157417472218,-71.36906714322843,244.3922154926728
2017-01-04 23:00:00,328.0,86.30553085199627,-71.57604554206291,244.18710724605546
2017-01-05 00:00:00,203.0,86.10898683860304,-71.77344039380245,243.99141407100853
2017-01-05 01:00:00,168.0,85.92150418354944,-71.96169723852233,243.80470560562122
2017-01-05 02:00:00,159.0,85.74266512689692,-72.1412407414658,243.62657099525964
2017-01-05 03:00:00,168.0,85.572071168884,-72.31247568554174,243.45661802330972
2017-01-05 04:00:00,175.0,85.40934218196556,-72.4757879153503,243.29447227928142
2017-01-05 05:00:00,256.0,85.25411556379017,-72.63154523521688,243.1397763627972
2017-01-05 06:00:00,336.0,85.10604542922803,-72.78009826357734,242.9921891220334
2017-01-05 07:00:00,284.0,84.96480183964941,-72.9217812459293,242.8513849252281
2017-01-05 08:00:00,275.0,84.8300700677357,-73.05691282844461,242.71705296391602
2017-01-05 09:00:00,271.0,84.70154989618553,-73.18579679422436,242.5888965865954
2017-01-05 10:00:00,276.0,84.57895494875275,-73.30872276407065,242.46663266157617
2017-01-05 11:00:00,267.0,84.46201205212598,-73.42596686355073,242.34999096780268
2017-01-05 12:00:00,249.0,84.35046062722769,-73.5377923580332,242.2387136124886
2017-01-05 13:00:00,239.0,84.24405210857645,-73.64445025728773,242.13255447444064
2017-01-05 14:00:00,223.0,84.14254939041865,-73.74617989115669,242.031278671994
2017-01-05 15:00:00,206.0,84.04572629839546,-73.84320945772635,241.93466205451728
2017-01-05 16:00:00,162.0,83.95336708556769,-73.93575654535306,241.84249071648844
2017-01-05 17:00:00,184.0,83.8652659516758,-74.02402862982775,241.75456053317936
2017-01-05 18:00:00,183.0,83.78122658456346,-74.10822354789698,241.6706767170239
2017-01-05 19:00:00,191.0,83.7010617227433,-74.18852994829535,241.59065339378196
2017-01-05 20:00:00,219.0,83.62459273812979,-74.26512772138582,241.5143131976454
2017-01-05 21:00:00,199.0,83.55164923800949,-74.33818840844755,241.44148688446654
2017-01-05 22:00:00,180.0,83.482068685362,-74.40787559159905,241.37201296232303
2017-01-05 23:00:00,184.0,83.41569603668533,-74.47434526529373,241.30573733866441
2017-01-06 00:00:00,184.0,83.35238339651886,-74.53774619027854,241.24251298331626
2017-01-06 01:00:00,184.0,83.29198968789385,-74.59822023086036,241.18219960664806
2017-01-06 02:00:00,176.0,83.2343803379774,-74.65590267628426,241.12466335223905
2017-01-06 03:00:00,159.0,83.17942697820939,-74.71092254698584,241.06977650340463
2017-01-06 04:00:00,158.0,83.12700715826399,-74.76340288644353,241.0174172029715
2017-01-06 05:00:00,171.0,83.07700407319858,-74.81346103931962,240.96746918571677
2017-01-06 06:00:00,169.0,83.02930630318218,-74.86120891654542,240.91982152290979
2017-01-06 07:00:00,177.0,82.98380756522306,-74.90675324797337,240.8743683784195
2017-01-06 08:00:00,170.0,82.9404064763428,-74.95019582318822,240.83100877587384
2017-01-06 09:00:00,175.0,82.89900632766867,-74.99163372104107,240.7896463763784
2017-01-06 10:00:00,211.0,82.85951486894126,-75.03115952844104,240.75018926632356
2017-01-06 11:00:00,216.0,82.82184410295694,-75.0688615489155,240.7125497548294
2017-01-06 12:00:00,193.0,82.78591008948733,-75.10482400142213,240.6766441803968
2017-01-06 13:00:00,188.0,82.75163275823871,-75.13912720987554,240.64239272635297
2017-01-06 14:00:00,200.0,82.71893573043464,-75.1718477838263,240.60971924469555
2017-01-06 15:00:00,214.0,82.68774614862426,-75.20305879071077,240.57855108795928
2017-01-06 16:00:00,215.0,82.657994514337,-75.2328299200693,240.5488189487433
2017-01-06 17:00:00,221.0,82.62961453322207,-75.26122764011045,240.52045670655457
2017-01-06 18:00:00,211.0,82.60254296732727,-75.28831534698269,240.4934012816372
2017-01-06 19:00:00,217.0,82.57671949418867,-75.31415350709568,240.467592495473
2017-01-06 20:00:00,220.0,82.55208657241636,-75.33879979281824,240.44297293765095
2017-01-06 21:00:00,235.0,82.52858931347741,-75.36230921186329,240.4194878388181
2017-01-06 22:00:00,239.0,82.50617535938999,-75.38473423065683,240.39708494943682
2017-01-06 23:00:00,235.0,82.48479476605615,-75.40612489197207,240.37571442408438
2017-01-07 00:00:00,241.0,82.46439989197353,-75.42652892709788,240.35532871104493
2017-01-07 01:00:00,239.0,82.44494529207765,-75.44599186279697,240.33588244695227
2017-01-07 02:00:00,224.0,82.42638761647862,-75.46455712329816,240.3173323562554
2017-01-07 03:00:00,208.0,82.40868551386626,-75.48226612755391,240.29963715528643
2017-01-07 04:00:00,206.0,82.39179953936876,-75.49915838198491,240.28275746072245
2017-01-07 05:00:00,200.0,82.3756920666592,-75.51527156892267,240.26665570224105
2017-01-07 06:00:00,181.0,82.3603272041144,-75.53064163094992,240.25129603917873
2017-01-07 07:00:00,173.0,82.34567071483903,-75.545302851331,240.23664428100906
2017-01-07 08:00:00,166.0,82.33168994037702,-75.55928793071404,240.22266781146806
2017-01-07 09:00:00,154.0,82.31835372793996,-75.57262806027877,240.20933551615872
2017-01-07 10:00:00,142.0,82.3056323609907,-75.58535299149537,240.19661771347677
2017-01-07 11:00:00,167.0,82.29349749302712,-75.59749110265206,240.1844860887063
2017-01-07 12:00:00,196.0,82.28192208441882,-75.6090694623021,240.17291363113975
2017-01-07 13:00:00,184.0,82.27088034215589,-75.6201138897728,240.16187457408458
2017-01-07 14:00:00,156.0,82.26034766237525,-75.63064901287392,240.15134433762444
2017-01-07 15:00:00,115.0,82.25030057553698,-75.64069832293495,240.14129947400892
2017-01-07 16:00:00,99.0,82.24071669412807,-75.65028422729564,240.1317176155518
2017-01-07 17:00:00,95.0,82.23157466277723,-75.65942809936791,240.12257742492238
2017-01-07 18:00:00,102.0,82.22285411066959,-75.66815032638225,240.1138585477214
2017-01-07 19:00:00,96.0,82.21453560615528,-75.67647035492531,240.1055415672359
2017-01-07 20:00:00,100.0,82.20660061345062,-75.6844067343721,240.09760796127335
2017-01-07 21:00:00,111.0,82.19903145133566,-75.69197715830953,240.09004006098084
2017-01-07 22:00:00,93.0,82.19181125375576,-75.69919850404517,240.0828210115567
2017-01-07 23:00:00,78.0,82.18492393223973,-75.7060868702895,240.07593473476896
2017-01-08 00:00:00,66.0,82.17835414005047,-75.71265761309645,240.0693658931974
2017-01-08 01:00:00,66.0,82.17208723798856,-75.7189253801431,240.06309985612023
2017-01-08 02:00:00,22.0,82.16610926177223,-75.72490414342515,240.05712266696963
2017-01-08 03:00:00,23.0,82.16040689092137,-75.73060723044176,240.0514210122845
2017-01-08 04:00:00,19.0,82.15496741907604,-75.73604735393961,240.04598219209169
2017-01-08 05:00:00,24.0,82.14977872568342,-75.74123664028299,240.04079409164984
2017-01-08 06:00:00,16.0,82.14482924899008,-75.74618665651329,240.03584515449344
2017-01-08 07:00:00,15.0,82.14010796027935,-75.75090843615874,240.03112435671744
2017-01-08 08:00:00,18.0,82.13560433929655,-75.75541250385214,240.02662118244524
2017-01-08 09:00:00,20.0,82.13130835080707,-75.75970889881194,240.0223256004261
2017-01-08 10:00:00,15.0,82.12721042223536,-75.76380719723856,240.01822804170928
2017-01-08 11:00:00,22.0,82.12330142233462,-75.76771653367716,240.01431937834639
2017-01-08 12:00:00,18.0,82.11957264084012,-75.77144562139372,240.01059090307396
2017-01-08 13:00:00,28.0,82.11601576906043,-75.77500277181056,240.0070343099314
2017-01-08 14:00:00,22.0,82.11262288136354,-75.77839591304459,240.00364167577166
2017-01-08 15:00:00,17.0,82.10938641751643,-75.78163260758988,240.00040544262276
2017-01-08 16:00:00,14.0,82.10629916583898,-75.78472006918389,239.99731840086184
2017-01-08 17:00:00,13.0,82.10335424713445,-75.78766517889541,239.99437367316432
2017-01-08 18:00:00,14.0,82.10054509936082,-75.79047450046981,239.99156469919143
2017-01-08 19:00:00,15.0,82.0978654630089,-75.79315429496634,239.98888522098414
2017-01-08 20:00:00,21.0,82.09530936715454,-75.79571053471942,239.9863292690285
2017-01-08 21:00:00,15.0,82.0928711161538,-75.79814891665625,239.98389114896383
2017-01-08 22:00:00,13.0,82.0905452769516,-75.80047487499964,239.98156542890285
2017-01-08 23:00:00,10.0,82.08832666697552,-75.80269359338453,239.97934692733557
2017-01-09 00:00:00,10.0,82.08621034258758,-75.80481001641564,239.9772307015908
2017-01-09 01:00:00,8.0,82.08419158806866,-75.80682886069185,239.9752120368292
2017-01-09 02:00:00,9.0,82.08226590511056,-75.80875462532175,239.9732864355429
2017-01-09 03:00:00,11.0,82.08042900279263,-75.81059160195439,239.97144960753963
2017-01-09 04:00:00,6.0,82.07867678802052,-75.81234388434683,239.96969746038786
2017-01-09 05:00:00,6.0,82.07700535640564,-75.8140153774907,239.96802609030198
2017-01-09 06:00:00,10.0,82.07541098356523,-75.81560980631747,239.96643177344794
2017-01-09 07:00:00,11.0,82.07389011682346,-75.81713072400231,239.96491095764924
2017-01-09 08:00:00,9.0,82.0724393672951,-75.81858151988469,239.9634602544749
2017-01-09 09:00:00,16.0,82.07105550233429,-75.81996542702392,239.96207643169248
2017-01-09 10:00:00,13.0,82.06973543833128,-75.82128552940584,239.9607564060684
2017-01-09 11:00:00,12.0,82.06847623384138,-75.82254476881741,239.95949723650017
2017-01-09 12:00:00,17.0,82.06727508303071,-75.82374595140398,239.9582961174654
2017-01-09 13:00:00,7.0,82.06612930942399,-75.82489175392419,239.95715037277216
2017-01-09 14:00:00,15.0,82.0650363599407,-75.82598472971637,239.95605744959778
2017-01-09 15:00:00,17.0,82.06399379920622,-75.82702731438981,239.95501491280226
2017-01-09 16:00:00,34.0,82.06299930412501,-75.82802183125352,239.95402043950355
2017-01-09 17:00:00,37.0,82.06205065870438,-75.82897049649446,239.95307181390322
2017-01-09 18:00:00,50.0,82.06114574911646,-75.82987542411726,239.9521669223502
2017-01-09 19:00:00,62.0,82.06028255898823,-75.83073863065573,239.9513037486322
2017-01-09 20:00:00,87.0,82.05945916490838,-75.83156203966759,239.95048036948435
2017-01-09 21:00:00,114.0,82.05867373214153,-75.83234748602135,239.9496949503044
2017-01-09 22:00:00,127.0,82.05792451053996,-75.8330967199859,239.9489457410658
2017-01-09 23:00:00,120.0,82.05720983064379,-75.83381141113139,239.94823107241896
2017-01-10 00:00:00,51.0,82.056528099961,-75.83449315205011,239.9475493519721
2017-01-10 01:00:00,70.0,82.05587779941898,-75.83514346190601,239.946899060744
2017-01-10 02:00:00,19.0,82.0552574799796,-75.83576378982026,239.94627874977948
2017-01-10 03:00:00,7.0,82.05466575941041,-75.83635551810092,239.94568703692175
2017-01-10 04:00:00,5.0,82.05410131920465,-75.83691996532346,239.94512260373276
2017-01-10 05:00:00,10.0,82.05356290164326,-75.83745838926953,239.94458419255605
2017-01-10 06:00:00,10.0,82.0530493069924,-75.83797198972998,239.9440706037148
2017-01-10 07:00:00,11.0,82.05255939083011,-75.83846191117846,239.94358069283868
2017-01-10 08:00:00,8.0,82.05209206149623,-75.8389292453224,239.94311336831487
2017-01-10 09:00:00,3.0,82.05164627765987,-75.83937503353553,239.94266758885527
2017-01-10 10:00:00,6.0,82.05122104599914,-75.83980026917871,239.942242361177
2017-01-10 11:00:00,3.0,82.05081541898772,-75.8402058998139,239.94183673778934
2017-01-10 12:00:00,3.0,82.05042849278352,-75.84059282931538,239.94144981488245
2017-01-10 13:00:00,3.0,82.05005940521467,-75.84096191988452,239.94108073031384
2017-01-10 14:00:00,3.0,82.04970733385844,-75.84131399397074,239.94072866168761
2017-01-10 15:00:00,3.0,82.04937149420861,-75.84164983610468,239.9403928245219
2017-01-10 16:00:00,5.0,82.0490511379274,-75.84197019464618,239.94007247050098
2017-01-10 17:00:00,7.0,82.04874555117803,-75.84227578345227,239.93976688580833
2017-01-10 18:00:00,8.0,82.048454053034,-75.84256728346772,239.93947538953574
2017-01-10 19:00:00,13.0,82.04817599396195,-75.84284534424263,239.93919733216654
2017-01-10 20:00:00,81.0,82.04791075437416,-75.84311058537986,239.93893209412818
2017-01-10 21:00:00,91.0,82.04765774324814,-75.84336359791577,239.93867908441206
2017-01-10 22:00:00,84.0,82.04741639680951,-75.84360494563727,239.9384377392563
2017-01-10 23:00:00,87.0,82.04718617727589,-75.8438351663382,239.93820752089
2017-01-11 00:00:00,91.0,82.04696657165847,-75.84405477301779,239.93798791633475
2017-01-11 01:00:00,94.0,82.04675709061905,-75.84426425502369,239.9377784362618
2017-01-11 02:00:00,97.0,82.0465572673796,-75.84446407914257,239.93757861390176
2017-01-11 03:00:00,112.0,82.04636665668212,-75.84465469064023,239.93738800400448
2017-01-11 04:00:00,98.0,82.04618483379663,-75.84483651425386,239.9372061818471
2017-01-11 05:00:00,68.0,82.04601139357459,-75.84500995513841,239.93703274228758
2017-01-11 06:00:00,60.0,82.04584594954625,-75.84517539976957,239.93686729886207
2017-01-11 07:00:00,33.0,82.04568813305946,-75.8453332168049,239.93670948292382
2017-01-11 08:00:00,28.0,82.04553759245816,-75.84548375790534,239.93655894282165
2017-01-11 09:00:00,20.0,82.04539399229891,-75.84562735851874,239.93641534311655
2017-01-11 10:00:00,32.0,82.04525701260333,-75.84576433862757,239.93627836383422
2017-01-11 11:00:00,3.0,82.04512634814516,-75.84589500346179,239.9361476997521
2017-01-11 12:00:00,3.0,82.04500170777014,-75.84601964417895,239.93602305971922
2017-01-11 13:00:00,39.0,82.04488281374721,-75.84613853851322,239.93590416600762
2017-01-11 14:00:00,37.0,82.04476940114967,-75.84625195139404,239.93579075369337
2017-01-11 15:00:00,46.0,82.04466121726486,-75.8463601355366,239.93568257006632
2017-01-11 16:00:00,50.0,82.04455802103107,-75.84646333200499,239.93557937406712
2017-01-11 17:00:00,66.0,82.04445958250034,-75.8465617707491,239.93548093574978
2017-01-11 18:00:00,58.0,82.0443656823261,-75.84665567111755,239.93538703576974
2017-01-11 19:00:00,38.0,82.04427611127446,-75.84674524234589,239.9352974648948
2017-01-11 20:00:00,36.0,82.04419066975788,-75.84683068402325,239.935212023539
2017-01-11 21:00:00,31.0,82.04410916739053,-75.84691218653688,239.93513052131794
2017-01-11 22:00:00,22.0,82.04403142256402,-75.84698993149652,239.93505277662456
2017-01-11 23:00:00,22.0,82.04395726204271,-75.84706409213896,239.93497861622438
2017-01-12 00:00:00,31.0,82.04388652057776,-75.84713483371414,239.93490787486965
2017-01-12 01:00:00,26.0,82.04381904053886,-75.8472023138533,239.93484039493103
2017-01-12 02:00:00,23.0,82.04375467156298,-75.84726668292045,239.9347760260464
2017-01-12 03:00:00,26.0,82.04369327021936,-75.84732808434711,239.93471462478584
2017-01-12 04:00:00,31.0,82.04363469968993,-75.84738665495206,239.93465605433192
2017-01-12 05:00:00,32.0,82.04357882946432,-75.84744252524645,239.9346001841751
2017-01-12 06:00:00,22.0,82.04352553504924,-75.84749581972409,239.93454688982257
2017-01-12 07:00:00,19.0,82.04347469769088,-75.84754665713938,239.93449605252113
2017-01-12 08:00:00,16.0,82.04342620411046,-75.84759515077158,239.9344475589925
2017-01-12 09:00:00,26.0,82.0433799462517,-75.84764140867749,239.9344013011809
2017-01-12 10:00:00,27.0,82.04333582104013,-75.84768553393192,239.93435717601218
2017-01-12 11:00:00,20.0,82.04329373015331,-75.84772762485777,239.93431508516437
2017-01-12 12:00:00,25.0,82.04325357980186,-75.84776777524475,239.93427493484847
2017-01-12 13:00:00,45.0,82.04321528052037,-75.84780607455849,239.93423663559923
2017-01-12 14:00:00,84.0,82.04317874696814,-75.84784260814014,239.93420010207643
2017-01-12 15:00:00,80.0,82.04314389773894,-75.84787745739608,239.93416525287398
2017-01-12 16:00:00,94.0,82.04311065517966,-75.84791069997969,239.934132010339
2017-01-12 17:00:00,97.0,82.04307894521726,-75.84794240996426,239.93410030039877
2017-01-12 18:00:00,93.0,82.04304869719373,-75.84797265800792,239.93407005239538
2017-01-12 19:00:00,121.0,82.04301984370862,-75.84800151151136,239.93404119892858
2017-01-12 20:00:00,108.0,82.04299232046891,-75.84802903476775,239.93401367570556
2017-01-12 21:00:00,33.0,82.04296606614568,-75.84805528910616,239.93398742139752
2017-01-12 22:00:00,19.0,82.0429410222375,-75.84808033302815,239.93396237750315
2017-01-12 23:00:00,15.0,82.04291713294003,-75.84810422233821,239.93393848821827
2017-01-13 00:00:00,5.0,82.04289434502176,-75.8481270102679,239.93391570031145
2017-01-13 01:00:00,20.0,82.04287260770528,-75.84814874759479,239.93389396300535
2017-01-13 02:00:00,9.0,82.04285187255422,-75.84816948275534,239.93387322786378
2017-01-13 03:00:00,14.0,82.04283209336529,-75.84818926195285,239.93385344868344
2017-01-13 04:00:00,8.0,82.04281322606533,-75.84820812926068,239.93383458139135
2017-01-13 05:00:00,10.0,82.04279522861312,-75.84822612672004,239.93381658394628
2017-01-13 06:00:00,13.0,82.04277806090566,-75.84824329443397,239.93379941624528
2017-01-13 07:00:00,17.0,82.04276168468884,-75.8482596706567,239.93378304003437
2017-01-13 08:00:00,22.0,82.04274606347224,-75.84827529187868,239.93376741882315
2017-01-13 09:00:00,8.0,82.0427311624477,-75.84829019290808,239.93375251780347
2017-01-13 10:00:00,8.0,82.0427169484119,-75.84830440694834,239.93373830377215
2017-01-13 11:00:00,20.0,82.04270338969226,-75.84831796567204,239.93372474505657
2017-01-13 12:00:00,13.0,82.04269045607649,-75.84833089929151,239.93371181144448
2017-01-13 13:00:00,7.0,82.04267811874509,-75.84834323662623,239.9336994741164
2017-01-13 14:00:00,15.0,82.04266635020731,-75.84835500516708,239.9336877055817
2017-01-13 15:00:00,9.0,82.0426551242398,-75.84836623113738,239.93367647961696
2017-01-13 16:00:00,15.0,82.04264441582819,-75.84837693955151,239.9336657712079
2017-01-13 17:00:00,17.0,82.04263420111138,-75.8483871542706,239.93365555649336
2017-01-13 18:00:00,18.0,82.04262445732832,-75.84839689805577,239.9336458127124
2017-01-13 19:00:00,16.0,82.04261516276732,-75.8484061926187,239.93363651815332
2017-01-13 20:00:00,21.0,82.04260629671772,-75.84841505867,239.93362765210543
2017-01-13 21:00:00,18.0,82.04259783942365,-75.84842351596564,239.93361919481293
2017-01-13 22:00:00,15.0,82.04258977204006,-75.84843158335067,239.9336111274308
2017-01-13 23:00:00,22.0,82.04258207659073,-75.84843927880131,239.93360343198276
2017-01-14 00:00:00,17.0,82.04257473592823,-75.84844661946498,239.93359609132142
2017-01-14 01:00:00,18.0,82.04256773369563,-75.84845362169868,239.93358908908993
2017-01-14 02:00:00,17.0,82.04256105429018,-75.8484603011051,239.93358240968547
2017-01-14 03:00:00,13.0,82.04255468282838,-75.84846667256778,239.93357603822454
2017-01-14 04:00:00,21.0,82.042548605113,-75.84847275028399,239.93356996051
2017-01-14 05:00:00,18.0,82.04254280760131,-75.84847854779642,239.93356416299903
2017-01-14 06:00:00,11.0,82.04253727737495,-75.84848407802346,239.93355863277336
2017-01-14 07:00:00,9.0,82.04253200211113,-75.84848935328787,239.93355335751014
2017-01-14 08:00:00,24.0,82.0425269700552,-75.84849438534437,239.93354832545478
2017-01-14 09:00:00,19.0,82.04252216999446,-75.8484991854056,239.9335435253945
2017-01-14 10:00:00,27.0,82.04251759123309,-75.84850376416745,239.93353894663363
2017-01-14 11:00:00,31.0,82.04251322356845,-75.84850813183252,239.93353457896941
2017-01-14 12:00:00,18.0,82.04250905726825,-75.84851229813312,239.9335304126696
2017-01-14 13:00:00,12.0,82.0425050830489,-75.84851627235278,239.93352643845057
2017-01-14 14:00:00,8.0,82.04250129205478,-75.84852006334724,239.9335226474568
2017-01-14 15:00:00,11.0,82.0424976758386,-75.8485236795637,239.9335190312409
2017-01-14 16:00:00,18.0,82.04249422634248,-75.84852712906007,239.93351558174504
2017-01-14 17:00:00,24.0,82.04249093588007,-75.84853041952272,239.93351229128285
2017-01-14 18:00:00,31.0,82.04248779711934,-75.84853355828368,239.93350915252233
2017-01-14 19:00:00,38.0,82.04248480306632,-75.8485365523369,239.93350615846953
2017-01-14 20:00:00,41.0,82.0424819470495,-75.84853940835391,239.9335033024529
2017-01-14 21:00:00,44.0,82.04247922270493,-75.84854213269863,239.93350057810846
2017-01-14 22:00:00,37.0,82.04247662396205,-75.84854473144168,239.93349797936577
2017-01-14 23:00:00,31.0,82.04247414503021,-75.84854721037362,239.93349550043405
2017-01-15 00:00:00,37.0,82.0424717803857,-75.84854957501828,239.93349313578966
2017-01-15 01:00:00,32.0,82.04246952475945,-75.84855183064464,239.93349088016356
2017-01-15 02:00:00,48.0,82.04246737312539,-75.84855398227879,239.93348872852957
2017-01-15 03:00:00,35.0,82.04246532068909,-75.84855603471517,239.93348667609337
2017-01-15 04:00:00,35.0,82.0424633628772,-75.84855799252718,239.9334847182816
2017-01-15 05:00:00,42.0,82.0424614953272,-75.84855986007723,239.93348285073165
2017-01-15 06:00:00,22.0,82.0424597138777,-75.84856164152679,239.9334810692822
2017-01-15 07:00:00,26.0,82.0424580145592,-75.84856334084537,239.93347936996378
2017-01-15 08:00:00,17.0,82.04245639358516,-75.84856496181948,239.9334777489898
2017-01-15 09:00:00,23.0,82.0424548473436,-75.84856650806105,239.93347620274827
2017-01-15 10:00:00,22.0,82.04245337238913,-75.84856798301558,239.93347472779385
2017-01-15 11:00:00,34.0,82.04245196543516,-75.84856938996958,239.9334733208399
2017-01-15 12:00:00,48.0,82.04245062334664,-75.84857073205816,239.93347197875144
2017-01-15 13:00:00,49.0,82.04244934313303,-75.84857201227183,239.9334706985379
2017-01-15 14:00:00,48.0,82.0424481219417,-75.84857323346318,239.9334694773466
2017-01-15 15:00:00,53.0,82.04244695705151,-75.8485743983534,239.93346831245643
2017-01-15 16:00:00,57.0,82.04244584586678,-75.84857550953814,239.9334672012717
2017-01-15 17:00:00,76.0,82.0424447859115,-75.84857656949345,239.93346614131644
2017-01-15 18:00:00,81.0,82.04244377482384,-75.84857758058114,239.9334651302288
2017-01-15 19:00:00,76.0,82.0424428103508,-75.8485785450542,239.93346416575582
2017-01-15 20:00:00,72.0,82.04244189034331,-75.84857946506172,239.93346324574833
2017-01-15 21:00:00,72.0,82.04244101275134,-75.84858034265369,239.93346236815637
2017-01-15 22:00:00,74.0,82.04244017561939,-75.84858117978567,239.93346153102445
2017-01-15 23:00:00,85.0,82.04243937708212,-75.84858197832297,239.93346073248722
2017-01-16 00:00:00,86.0,82.04243861536018,-75.8485827400449,239.93345997076528
2017-01-16 01:00:00,92.0,82.04243788875625,-75.84858346664883,239.93345924416133
2017-01-16 02:00:00,94.0,82.04243719565127,-75.84858415975384,239.9334585510564
2017-01-16 03:00:00,93.0,82.04243653450084,-75.84858482090428,239.93345788990595
2017-01-16 04:00:00,97.0,82.04243590383172,-75.84858545157343,239.93345725923686
2017-01-16 05:00:00,97.0,82.04243530223863,-75.84858605316651,239.93345665764377
2017-01-16 06:00:00,89.0,82.04243472838105,-75.84858662702409,239.9334560837862
2017-01-16 07:00:00,90.0,82.0424341809803,-75.84858717442485,239.93345553638545
2017-01-16 08:00:00,87.0,82.0424336588166,-75.84858769658854,239.93345501422175
2017-01-16 09:00:00,89.0,82.04243316072647,-75.84858819467867,239.93345451613163
2017-01-16 10:00:00,66.0,82.0424326856,-75.84858866980514,239.93345404100515
2017-01-16 11:00:00,60.0,82.04243223237852,-75.84858912302663,239.93345358778367
2017-01-16 12:00:00,72.0,82.04243180005211,-75.84858955535303,239.93345315545724
2017-01-16 13:00:00,71.0,82.04243138765744,-75.8485899677477,239.9334527430626
2017-01-16 14:00:00,79.0,82.04243099427559,-75.84859036112955,239.93345234968075
2017-01-16 15:00:00,96.0,82.04243061903,-75.84859073637514,239.93345197443514
2017-01-16 16:00:00,116.0,82.04243026108453,-75.84859109432061,239.93345161648966
2017-01-16 17:00:00,122.0,82.04242991964159,-75.84859143576355,239.93345127504674
2017-01-16 18:00:00,128.0,82.04242959394034,-75.8485917614648,239.93345094934548
2017-01-16 19:00:00,120.0,82.04242928325506,-75.84859207215008,239.9334506386602
2017-01-16 20:00:00,125.0,82.04242898689343,-75.84859236851172,239.93345034229856
2017-01-16 21:00:00,138.0,82.0424287041951,-75.84859265121004,239.93345005960026
2017-01-16 22:00:00,138.0,82.04242843453014,-75.848592920875,239.93344978993528
2017-01-16 23:00:00,120.0,82.04242817729767,-75.84859317810748,239.9334495327028
2017-01-17 00:00:00,127.0,82.0424279319245,-75.84859342348065,239.93344928732964
2017-01-17 01:00:00,141.0,82.04242769786387,-75.84859365754127,239.93344905326902
2017-01-17 02:00:00,146.0,82.04242747459426,-75.84859388081088,239.9334488299994
2017-01-17 03:00:00,133.0,82.04242726161816,-75.84859409378699,239.93344861702332
2017-01-17 04:00:00,141.0,82.04242705846097,-75.84859429694417,239.93344841386613
2017-01-17 05:00:00,131.0,82.04242686467005,-75.8485944907351,239.9334482200752
2017-01-17 06:00:00,120.0,82.04242667981354,-75.8485946755916,239.9334480352187
2017-01-17 07:00:00,111.0,82.04242650347958,-75.84859485192557,239.93344785888473
2017-01-17 08:00:00,138.0,82.04242633527521,-75.84859502012993,239.93344769068034
2017-01-17 09:00:00,155.0,82.04242617482564,-75.84859518057951,239.93344753023078
2017-01-17 10:00:00,167.0,82.04242602177335,-75.84859533363179,239.93344737717848
2017-01-17 11:00:00,157.0,82.0424258757773,-75.84859547962785,239.93344723118244
2017-01-17 12:00:00,158.0,82.04242573651219,-75.84859561889296,239.93344709191734
2017-01-17 13:00:00,154.0,82.04242560366765,-75.84859575173749,239.9334469590728
2017-01-17 14:00:00,145.0,82.04242547694773,-75.84859587845742,239.93344683235287
2017-01-17 15:00:00,137.0,82.04242535607003,-75.84859599933512,239.93344671147517
2017-01-17 16:00:00,123.0,82.0424252407652,-75.84859611463995,239.93344659617034
2017-01-17 17:00:00,155.0,82.04242513077634,-75.8485962246288,239.93344648618148
2017-01-17 18:00:00,169.0,82.04242502585832,-75.84859632954682,239.93344638126348
2017-01-17 19:00:00,165.0,82.04242492577741,-75.84859642962773,239.93344628118257
2017-01-17 20:00:00,167.0,82.04242483031057,-75.84859652509458,239.9334461857157
2017-01-17 21:00:00,170.0,82.04242473924506,-75.84859661616008,239.9334460946502
2017-01-17 22:00:00,171.0,82.042424652378,-75.84859670302714,239.93344600778315
2017-01-17 23:00:00,172.0,82.04242456951582,-75.84859678588933,239.93344592492096
2017-01-18 00:00:00,73.0,82.04242449047386,-75.84859686493128,239.93344584587902
2017-01-18 01:00:00,25.0,82.04242441507601,-75.84859694032913,239.93344577048117
2017-01-18 02:00:00,66.0,82.04242434315427,-75.84859701225088,239.9334456985594
2017-01-18 03:00:00,57.0,82.04242427454837,-75.84859708085678,239.9334456299535
2017-01-18 04:00:00,44.0,82.04242420910542,-75.84859714629972,239.93344556451058
2017-01-18 05:00:00,34.0,82.04242414667964,-75.84859720872551,239.9334455020848
2017-01-18 06:00:00,33.0,82.04242408713189,-75.84859726827325,239.93344544253705
2017-01-18 07:00:00,31.0,82.0424240303295,-75.84859732507564,239.93344538573464
2017-01-18 08:00:00,25.0,82.0424239761459,-75.84859737925925,239.93344533155104
2017-01-18 09:00:00,21.0,82.04242392446035,-75.84859743094479,239.9334452798655
2017-01-18 10:00:00,22.0,82.04242387515768,-75.84859748024746,239.93344523056282
2017-01-18 11:00:00,26.0,82.04242382812804,-75.84859752727711,239.9334451835332
2017-01-18 12:00:00,22.0,82.04242378326661,-75.84859757213853,239.93344513867174
2017-01-18 13:00:00,21.0,82.04242374047347,-75.84859761493168,239.9334450958786
2017-01-18 14:00:00,20.0,82.04242369965323,-75.84859765575192,239.93344505505837
2017-01-18 15:00:00,35.0,82.04242366071495,-75.8485976946902,239.9334450161201
2017-01-18 16:00:00,49.0,82.04242362357185,-75.8485977318333,239.93344497897698
2017-01-18 17:00:00,57.0,82.04242358814119,-75.84859776726395,239.93344494354633
2017-01-18 18:00:00,50.0,82.042423554344,-75.84859780106115,239.93344490974914
2017-01-18 19:00:00,46.0,82.04242352210497,-75.84859783330018,239.9334448775101
2017-01-18 20:00:00,43.0,82.04242349135227,-75.84859786405288,239.93344484675742
2017-01-18 21:00:00,50.0,82.04242346201738,-75.84859789338776,239.93344481742253
2017-01-18 22:00:00,55.0,82.04242343403493,-75.84859792137021,239.93344478944007
2017-01-18 23:00:00,54.0,82.04242340734257,-75.84859794806258,239.9334447627477
2017-01-19 00:00:00,64.0,82.04242338188082,-75.84859797352432,239.93344473728598
2017-01-19 01:00:00,76.0,82.04242335759294,-75.8485979978122,239.9334447129981
2017-01-19 02:00:00,87.0,82.04242333442483,-75.84859802098032,239.93344468982997
2017-01-19 03:00:00,96.0,82.04242331232483,-75.84859804308032,239.93344466773
2017-01-19 04:00:00,112.0,82.04242329124372,-75.84859806416142,239.93344464664887
2017-01-19 05:00:00,126.0,82.04242327113452,-75.84859808427062,239.93344462653965
2017-01-19 06:00:00,104.0,82.04242325195244,-75.8485981034527,239.9334446073576
2017-01-19 07:00:00,109.0,82.04242323365472,-75.84859812175043,239.93344458905986
2017-01-19 08:00:00,111.0,82.04242321620058,-75.84859813920457,239.93344457160572
2017-01-19 09:00:00,103.0,82.04242319955112,-75.84859815585402,239.93344455495628
2017-01-19 10:00:00,34.0,82.04242318366927,-75.84859817173587,239.9334445390744
2017-01-19 11:00:00,12.0,82.04242316851963,-75.84859818688551,239.93344452392478
2017-01-19 12:00:00,12.0,82.04242315406844,-75.8485982013367,239.9334445094736
2017-01-19 13:00:00,12.0,82.0424231402835,-75.84859821512164,239.93344449568866
2017-01-19 14:00:00,9.0,82.0424231271341,-75.84859822827104,239.93344448253924
2017-01-19 15:00:00,9.0,82.04242311459093,-75.84859824081421,239.93344446999606
2017-01-19 16:00:00,9.0,82.04242310262605,-75.8485982527791,239.9334444580312
2017-01-19 17:00:00,10.0,82.04242309121278,-75.84859826419236,239.93344444661793
2017-01-19 18:00:00,12.0,82.0424230803257,-75.84859827507944,239.93344443573085
2017-01-19 19:00:00,11.0,82.04242306994055,-75.84859828546459,239.9334444253457
2017-01-19 20:00:00,11.0,82.04242306003421,-75.84859829537093,239.93344441543934
2017-01-19 21:00:00,11.0,82.04242305058457,-75.84859830482057,239.93344440598972
2017-01-19 22:00:00,14.0,82.0424230415706,-75.84859831383454,239.93344439697574
2017-01-19 23:00:00,8.0,82.0424230329722,-75.84859832243295,239.93344438837732
2017-01-20 00:00:00,10.0,82.04242302477022,-75.84859833063493,239.93344438017536
2017-01-20 01:00:00,8.0,82.04242301694637,-75.84859833845877,239.93344437235152
2017-01-20 02:00:00,8.0,82.04242300948323,-75.84859834592191,239.93344436488837
2017-01-20 03:00:00,8.0,82.04242300236417,-75.84859835304097,239.9334443577693
2017-01-20 04:00:00,5.0,82.04242299557332,-75.84859835983183,239.93344435097845
2017-01-20 05:00:00,7.0,82.04242298909556,-75.84859836630959,239.93344434450069
2017-01-20 06:00:00,8.0,82.04242298291643,-75.84859837248871,239.93344433832158
2017-01-20 07:00:00,10.0,82.0424229770222,-75.84859837838295,239.93344433242734
2017-01-20 08:00:00,11.0,82.0424229713997,-75.84859838400544,239.93344432680485
2017-01-20 09:00:00,12.0,82.04242296603643,-75.84859838936872,239.93344432144158
2017-01-20 10:00:00,16.0,82.0424229609204,-75.84859839448474,239.93344431632556
2017-01-20 11:00:00,17.0,82.04242295604027,-75.84859839936487,239.9334443114454
2017-01-20 12:00:00,21.0,82.0424229513851,-75.84859840402004,239.93344430679025
2017-01-20 13:00:00,18.0,82.04242294694457,-75.84859840846057,239.9334443023497
2017-01-20 14:00:00,19.0,82.04242294270875,-75.84859841269639,239.9334442981139
2017-01-20 15:00:00,17.0,82.04242293866824,-75.8485984167369,239.93344429407338
2017-01-20 16:00:00,26.0,82.04242293481398,-75.84859842059116,239.93344429021914
2017-01-20 17:00:00,24.0,82.04242293113744,-75.8485984242677,239.93344428654257
2017-01-20 18:00:00,27.0,82.04242292763038,-75.84859842777476,239.93344428303553
2017-01-20 19:00:00,37.0,82.04242292428502,-75.84859843112012,239.93344427969015
2017-01-20 20:00:00,45.0,82.0424229210939,-75.84859843431124,239.93344427649905
2017-01-20 21:00:00,45.0,82.0424229180499,-75.84859843735525,239.93344427345505
2017-01-20 22:00:00,53.0,82.04242291514622,-75.84859844025893,239.93344427055138
2017-01-20 23:00:00,64.0,82.04242291237642,-75.84859844302872,239.93344426778157
2017-01-21 00:00:00,68.0,82.04242290973433,-75.84859844567082,239.93344426513949
2017-01-21 01:00:00,70.0,82.04242290721403,-75.84859844819111,239.93344426261916
2017-01-21 02:00:00,81.0,82.04242290480994,-75.8485984505952,239.93344426021508
2017-01-21 03:00:00,90.0,82.04242290251668,-75.84859845288847,239.93344425792182
2017-01-21 04:00:00,90.0,82.04242290032914,-75.848598455076,239.9334442557343
2017-01-21 05:00:00,69.0,82.04242289824246,-75.84859845716268,239.93344425364762
2017-01-21 06:00:00,32.0,82.04242289625198,-75.84859845915317,239.93344425165714
2017-01-21 07:00:00,11.0,82.04242289435328,-75.84859846105186,239.93344424975842
2017-01-21 08:00:00,5.0,82.0424228925421,-75.84859846286304,239.93344424794725
2017-01-21 09:00:00,6.0,82.04242289081444,-75.84859846459071,239.93344424621958
2017-01-21 10:00:00,7.0,82.04242288916642,-75.84859846623873,239.93344424457155
2017-01-21 11:00:00,7.0,82.04242288759437,-75.84859846781077,239.9334442429995
2017-01-21 12:00:00,11.0,82.04242288609481,-75.84859846931033,239.93344424149996
2017-01-21 13:00:00,6.0,82.04242288466438,-75.84859847074077,239.93344424006952
2017-01-21 14:00:00,5.0,82.0424228832999,-75.84859847210524,239.93344423870505
2017-01-21 15:00:00,5.0,82.04242288199833,-75.84859847340681,239.93344423740348
2017-01-21 16:00:00,9.0,82.04242288075676,-75.84859847464838,239.9334442361619
2017-01-21 17:00:00,8.0,82.04242287957244,-75.8485984758327,239.93344423497757
2017-01-21 18:00:00,12.0,82.04242287844271,-75.84859847696244,239.93344423384787
2017-01-21 19:00:00,11.0,82.04242287736507,-75.84859847804007,239.93344423277023
2017-01-21 20:00:00,13.0,82.04242287633711,-75.84859847906803,239.93344423174227
2017-01-21 21:00:00,15.0,82.04242287535655,-75.8485984800486,239.9334442307617
2017-01-21 22:00:00,10.0,82.04242287442119,-75.84859848098395,239.93344422982634
2017-01-21 23:00:00,11.0,82.04242287352896,-75.84859848187618,239.9334442289341
2017-01-22 00:00:00,9.0,82.04242287267786,-75.84859848272728,239.933444228083
2017-01-22 01:00:00,13.0,82.042422871866,-75.84859848353915,239.93344422727114
2017-01-22 02:00:00,14.0,82.04242287109157,-75.84859848431357,239.9334442264967
2017-01-22 03:00:00,12.0,82.04242287035284,-75.8485984850523,239.93344422575797
2017-01-22 04:00:00,14.0,82.04242286964818,-75.84859848575697,239.93344422505334
2017-01-22 05:00:00,15.0,82.04242286897599,-75.84859848642915,239.93344422438113
2017-01-22 06:00:00,14.0,82.0424228683348,-75.84859848707035,239.93344422373994
2017-01-22 07:00:00,12.0,82.04242286772318,-75.84859848768197,239.93344422312833
2017-01-22 08:00:00,11.0,82.04242286713973,-75.84859848826541,239.9334442225449
2017-01-22 09:00:00,11.0,82.04242286658321,-75.84859848882193,239.93344422198834
2017-01-22 10:00:00,16.0,82.04242286605232,-75.84859848935282,239.93344422145748
2017-01-22 11:00:00,21.0,82.04242286554593,-75.84859848985921,239.93344422095106
2017-01-22 12:00:00,16.0,82.04242286506287,-75.84859849034227,239.933444220468
2017-01-22 13:00:00,17.0,82.04242286460209,-75.84859849080306,239.93344422000723
2017-01-22 14:00:00,18.0,82.04242286416255,-75.8485984912426,239.9334442195677
2017-01-22 15:00:00,21.0,82.04242286374327,-75.84859849166187,239.9334442191484
2017-01-22 16:00:00,29.0,82.04242286334333,-75.84859849206181,239.9334442187485
2017-01-22 17:00:00,47.0,82.04242286296183,-75.84859849244332,239.93344421836696
2017-01-22 18:00:00,65.0,82.0424228625979,-75.84859849280724,239.93344421800305
2017-01-22 19:00:00,72.0,82.04242286225076,-75.84859849315438,239.9334442176559
2017-01-22 20:00:00,46.0,82.04242286191963,-75.84859849348551,239.9334442173248
2017-01-22 21:00:00,30.0,82.04242286160377,-75.84859849380138,239.9334442170089
2017-01-22 22:00:00,31.0,82.04242286130246,-75.84859849410269,239.93344421670758
2017-01-22 23:00:00,26.0,82.04242286101504,-75.8485984943901,239.93344421642018
2017-01-23 00:00:00,24.0,82.04242286074087,-75.84859849466427,239.93344421614603
2017-01-23 01:00:00,22.0,82.04242286047935,-75.8485984949258,239.9334442158845
2017-01-23 02:00:00,20.0,82.04242286022989,-75.84859849517525,239.93344421563503
2017-01-23 03:00:00,17.0,82.04242285999192,-75.84859849541323,239.93344421539706
2017-01-23 04:00:00,15.0,82.04242285976493,-75.84859849564022,239.93344421517008
2017-01-23 05:00:00,12.0,82.0424228595484,-75.84859849585675,239.93344421495354
2017-01-23 06:00:00,11.0,82.04242285934185,-75.84859849606329,239.933444214747
2017-01-23 07:00:00,12.0,82.04242285914482,-75.84859849626032,239.93344421454998
2017-01-23 08:00:00,12.0,82.04242285895688,-75.84859849644826,239.93344421436203
2017-01-23 09:00:00,13.0,82.04242285877761,-75.84859849662753,239.93344421418277
2017-01-23 10:00:00,17.0,82.0424228586066,-75.84859849679854,239.93344421401173
2017-01-23 11:00:00,18.0,82.04242285844347,-75.84859849696167,239.93344421384862
2017-01-23 12:00:00,16.0,82.04242285828786,-75.84859849711728,239.933444213693
2017-01-23 13:00:00,19.0,82.04242285813943,-75.84859849726571,239.9334442135446
2017-01-23 14:00:00,21.0,82.04242285799785,-75.8485984974073,239.933444213403
2017-01-23 15:00:00,27.0,82.04242285786279,-75.84859849754235,239.93344421326793
2017-01-23 16:00:00,39.0,82.04242285773395,-75.84859849767119,239.9334442131391
2017-01-23 17:00:00,34.0,82.04242285761106,-75.84859849779409,239.9334442130162
2017-01-23 18:00:00,39.0,82.04242285749382,-75.84859849791133,239.93344421289896
2017-01-23 19:00:00,47.0,82.04242285738201,-75.84859849802314,239.93344421278715
2017-01-23 20:00:00,68.0,82.04242285727533,-75.84859849812982,239.93344421268046
2017-01-23 21:00:00,80.0,82.04242285717358,-75.84859849823157,239.9334442125787
2017-01-23 22:00:00,84.0,82.04242285707652,-75.84859849832863,239.93344421248167
2017-01-23 23:00:00,95.0,82.04242285698393,-75.84859849842121,239.93344421238908
2017-01-24 00:00:00,97.0,82.04242285689563,-75.84859849850952,239.93344421230077
2017-01-24 01:00:00,95.0,82.04242285681137,-75.84859849859377,239.9334442122165
2017-01-24 02:00:00,89.0,82.04242285673102,-75.84859849867412,239.93344421213618
2017-01-24 03:00:00,93.0,82.04242285665435,-75.84859849875079,239.9334442120595
2017-01-24 04:00:00,105.0,82.04242285658124,-75.8485984988239,239.9334442119864
2017-01-24 05:00:00,100.0,82.0424228565115,-75.84859849889365,239.93344421191665
2017-01-24 06:00:00,72.0,82.04242285644496,-75.84859849896019,239.9334442118501
2017-01-24 07:00:00,51.0,82.04242285638148,-75.84859849902367,239.93344421178662
2017-01-24 08:00:00,27.0,82.04242285632094,-75.8485984990842,239.93344421172608
2017-01-24 09:00:00,28.0,82.04242285626319,-75.84859849914196,239.93344421166833
2017-01-24 10:00:00,29.0,82.0424228562081,-75.84859849919704,239.93344421161325
2017-01-24 11:00:00,44.0,82.04242285615555,-75.84859849924959,239.9334442115607
2017-01-24 12:00:00,53.0,82.04242285610543,-75.84859849929971,239.93344421151056
2017-01-24 13:00:00,68.0,82.04242285605761,-75.84859849934753,239.93344421146276
2017-01-24 14:00:00,71.0,82.04242285601201,-75.84859849939313,239.93344421141717
2017-01-24 15:00:00,86.0,82.0424228559685,-75.84859849943665,239.93344421137363
2017-01-24 16:00:00,109.0,82.042422855927,-75.84859849947814,239.93344421133213
2017-01-24 17:00:00,120.0,82.04242285588741,-75.84859849951773,239.93344421129257
2017-01-24 18:00:00,122.0,82.04242285584965,-75.8485984995555,239.9334442112548
2017-01-24 19:00:00,130.0,82.04242285581363,-75.84859849959152,239.93344421121878
2017-01-24 20:00:00,134.0,82.04242285577926,-75.84859849962588,239.9334442111844
2017-01-24 21:00:00,128.0,82.0424228557465,-75.84859849965865,239.93344421115165
2017-01-24 22:00:00,120.0,82.04242285571523,-75.84859849968991,239.9334442111204
2017-01-24 23:00:00,128.0,82.0424228556854,-75.84859849971974,239.93344421109055
2017-01-25 00:00:00,134.0,82.04242285565695,-75.84859849974819,239.9334442110621
2017-01-25 01:00:00,152.0,82.04242285562981,-75.84859849977533,239.93344421103495
2017-01-25 02:00:00,169.0,82.04242285560393,-75.84859849980121,239.9334442110091
2017-01-25 03:00:00,202.0,82.04242285557923,-75.84859849982591,239.93344421098436
2017-01-25 04:00:00,220.0,82.04242285555569,-75.84859849984946,239.93344421096083
2017-01-25 05:00:00,208.0,82.0424228555332,-75.84859849987194,239.93344421093835
2017-01-25 06:00:00,191.0,82.04242285551177,-75.84859849989337,239.93344421091692
2017-01-25 07:00:00,156.0,82.04242285549134,-75.8485984999138,239.93344421089648
2017-01-25 08:00:00,160.0,82.04242285547183,-75.84859849993332,239.93344421087698
2017-01-25 09:00:00,154.0,82.04242285545322,-75.84859849995192,239.93344421085837
2017-01-25 10:00:00,164.0,82.04242285543548,-75.84859849996967,239.9334442108406
2017-01-25 11:00:00,136.0,82.04242285541855,-75.8485984999866,239.9334442108237
2017-01-25 12:00:00,143.0,82.0424228554024,-75.84859850000274,239.93344421080755
2017-01-25 13:00:00,150.0,82.042422855387,-75.84859850001814,239.93344421079215
2017-01-25 14:00:00,157.0,82.04242285537231,-75.84859850003284,239.93344421077745
2017-01-25 15:00:00,164.0,82.0424228553583,-75.84859850004685,239.93344421076344
2017-01-25 16:00:00,162.0,82.04242285534492,-75.84859850006022,239.93344421075005
2017-01-25 17:00:00,176.0,82.04242285533218,-75.84859850007297,239.93344421073732
2017-01-25 18:00:00,200.0,82.04242285532001,-75.84859850008513,239.93344421072516
2017-01-25 19:00:00,194.0,82.0424228553084,-75.84859850009674,239.93344421071356
2017-01-25 20:00:00,208.0,82.04242285529735,-75.8485985001078,239.93344421070248
2017-01-25 21:00:00,224.0,82.04242285528679,-75.84859850011836,239.93344421069193
2017-01-25 22:00:00,236.0,82.04242285527671,-75.84859850012843,239.93344421068184
2017-01-25 23:00:00,253.0,82.0424228552671,-75.84859850013804,239.93344421067223
2017-01-26 00:00:00,260.0,82.04242285525794,-75.8485985001472,239.93344421066308
2017-01-26 01:00:00,269.0,82.0424228552492,-75.84859850015594,239.93344421065433
2017-01-26 02:00:00,295.0,82.04242285524086,-75.84859850016429,239.933444210646
2017-01-26 03:00:00,321.0,82.0424228552329,-75.84859850017224,239.93344421063804
2017-01-26 04:00:00,326.0,82.04242285522531,-75.84859850017983,239.93344421063046
2017-01-26 05:00:00,318.0,82.04242285521808,-75.84859850018707,239.93344421062324
2017-01-26 06:00:00,288.0,82.04242285521117,-75.84859850019397,239.9334442106163
2017-01-26 07:00:00,246.0,82.04242285520459,-75.84859850020055,239.93344421060974
2017-01-26 08:00:00,238.0,82.04242285519831,-75.84859850020683,239.93344421060345
2017-01-26 09:00:00,248.0,82.04242285519231,-75.84859850021283,239.93344421059746
2017-01-26 10:00:00,262.0,82.0424228551866,-75.84859850021854,239.93344421059174
2017-01-26 11:00:00,270.0,82.04242285518114,-75.848598500224,239.9334442105863
2017-01-26 12:00:00,259.0,82.04242285517594,-75.8485985002292,239.9334442105811
2017-01-26 13:00:00,209.0,82.04242285517098,-75.84859850023416,239.9334442105761
2017-01-26 14:00:00,96.0,82.04242285516625,-75.8485985002389,239.9334442105714
2017-01-26 15:00:00,51.0,82.04242285516173,-75.84859850024341,239.93344421056688
2017-01-26 16:00:00,8.0,82.04242285515743,-75.84859850024772,239.93344421056258
2017-01-26 17:00:00,7.0,82.04242285515332,-75.84859850025182,239.93344421055846
2017-01-26 18:00:00,10.0,82.0424228551494,-75.84859850025575,239.93344421055454
2017-01-26 19:00:00,9.0,82.04242285514566,-75.84859850025948,239.93344421055082
2017-01-26 20:00:00,11.0,82.04242285514209,-75.84859850026305,239.93344421054724
2017-01-26 21:00:00,7.0,82.0424228551387,-75.84859850026645,239.93344421054383
2017-01-26 22:00:00,4.0,82.04242285513546,-75.84859850026969,239.93344421054059
2017-01-26 23:00:00,10.0,82.04242285513236,-75.84859850027279,239.93344421053752
2017-01-27 00:00:00,11.0,82.0424228551294,-75.84859850027574,239.93344421053456
2017-01-27 01:00:00,11.0,82.04242285512659,-75.84859850027856,239.93344421053172
2017-01-27 02:00:00,13.0,82.0424228551239,-75.84859850028124,239.93344421052905
2017-01-27 03:00:00,10.0,82.04242285512134,-75.8485985002838,239.9334442105265
2017-01-27 04:00:00,6.0,82.0424228551189,-75.84859850028624,239.93344421052404
2017-01-27 05:00:00,9.0,82.04242285511657,-75.84859850028857,239.9334442105217
2017-01-27 06:00:00,11.0,82.04242285511434,-75.8485985002908,239.9334442105195
2017-01-27 07:00:00,11.0,82.04242285511222,-75.84859850029292,239.93344421051737
2017-01-27 08:00:00,11.0,82.04242285511019,-75.84859850029495,239.93344421051535
2017-01-27 09:00:00,15.0,82.04242285510827,-75.84859850029687,239.93344421051341
2017-01-27 10:00:00,24.0,82.04242285510642,-75.84859850029872,239.93344421051157
2017-01-27 11:00:00,28.0,82.04242285510466,-75.84859850030048,239.9334442105098
2017-01-27 12:00:00,37.0,82.04242285510298,-75.84859850030216,239.93344421050813
2017-01-27 13:00:00,41.0,82.04242285510139,-75.84859850030375,239.93344421050654
2017-01-27 14:00:00,45.0,82.04242285509987,-75.84859850030527,239.933444210505
2017-01-27 15:00:00,44.0,82.04242285509841,-75.84859850030674,239.93344421050355
2017-01-27 16:00:00,53.0,82.04242285509703,-75.84859850030811,239.93344421050216
2017-01-27 17:00:00,58.0,82.04242285509571,-75.84859850030944,239.93344421050085
2017-01-27 18:00:00,61.0,82.04242285509444,-75.8485985003107,239.9334442104996
2017-01-27 19:00:00,87.0,82.04242285509324,-75.84859850031191,239.93344421049838
2017-01-27 20:00:00,118.0,82.04242285509208,-75.84859850031306,239.9334442104972
2017-01-27 21:00:00,179.0,82.04242285509099,-75.84859850031415,239.93344421049613
2017-01-27 22:00:00,240.0,82.04242285508995,-75.84859850031519,239.9334442104951
2017-01-27 23:00:00,278.0,82.04242285508894,-75.8485985003162,239.9334442104941
2017-01-28 00:00:00,305.0,82.042422855088,-75.84859850031714,239.93344421049315
2017-01-28 01:00:00,576.0,82.0424228550871,-75.84859850031805,239.93344421049224
2017-01-28 02:00:00,641.0,82.04242285508623,-75.84859850031891,239.93344421049136
2017-01-28 03:00:00,651.0,82.0424228550854,-75.84859850031974,239.93344421049056
2017-01-28 04:00:00,682.0,82.04242285508461,-75.84859850032053,239.93344421048977
2017-01-28 05:00:00,713.0,82.04242285508386,-75.84859850032129,239.933444210489
2017-01-28 06:00:00,697.0,82.04242285508315,-75.848598500322,239.9334442104883
2017-01-28 07:00:00,462.0,82.04242285508246,-75.84859850032268,239.9334442104876
2017-01-28 08:00:00,383.0,82.04242285508181,-75.84859850032333,239.93344421048695
2017-01-28 09:00:00,374.0,82.04242285508118,-75.84859850032396,239.93344421048633
2017-01-28 10:00:00,323.0,82.0424228550806,-75.84859850032454,239.93344421048573
2017-01-28 11:00:00,257.0,82.04242285508003,-75.84859850032511,239.93344421048516
2017-01-28 12:00:00,249.0,82.0424228550795,-75.84859850032565,239.93344421048465
2017-01-28 13:00:00,244.0,82.04242285507898,-75.84859850032616,239.93344421048414
2017-01-28 14:00:00,238.0,82.04242285507848,-75.84859850032666,239.93344421048363
2017-01-28 15:00:00,242.0,82.04242285507802,-75.84859850032713,239.93344421048317
2017-01-28 16:00:00,243.0,82.04242285507758,-75.84859850032757,239.93344421048272
2017-01-28 17:00:00,247.0,82.04242285507715,-75.848598500328,239.9334442104823
2017-01-28 18:00:00,246.0,82.04242285507674,-75.84859850032841,239.93344421048187
2017-01-28 19:00:00,243.0,82.04242285507635,-75.84859850032879,239.9334442104815
2017-01-28 20:00:00,242.0,82.04242285507598,-75.84859850032916,239.93344421048113
2017-01-28 21:00:00,258.0,82.04242285507563,-75.84859850032952,239.9334442104808
2017-01-28 22:00:00,273.0,82.04242285507529,-75.84859850032986,239.93344421048045
2017-01-28 23:00:00,307.0,82.04242285507497,-75.84859850033017,239.9334442104801
2017-01-29 00:00:00,297.0,82.04242285507466,-75.84859850033048,239.93344421047982
2017-01-29 01:00:00,292.0,82.04242285507436,-75.84859850033078,239.9334442104795
2017-01-29 02:00:00,203.0,82.0424228550741,-75.84859850033105,239.93344421047925
2017-01-29 03:00:00,11.0,82.04242285507382,-75.84859850033132,239.93344421047897
2017-01-29 04:00:00,3.0,82.04242285507357,-75.84859850033158,239.9334442104787
2017-01-29 05:00:00,9.0,82.04242285507333,-75.84859850033182,239.93344421047846
2017-01-29 06:00:00,9.0,82.0424228550731,-75.84859850033205,239.93344421047823
2017-01-29 07:00:00,10.0,82.04242285507289,-75.84859850033226,239.93344421047803
2017-01-29 08:00:00,10.0,82.04242285507267,-75.84859850033247,239.93344421047783
2017-01-29 09:00:00,11.0,82.04242285507247,-75.84859850033267,239.9334442104776
2017-01-29 10:00:00,10.0,82.04242285507227,-75.84859850033287,239.93344421047743
2017-01-29 11:00:00,12.0,82.04242285507209,-75.84859850033305,239.93344421047723
2017-01-29 12:00:00,7.0,82.04242285507192,-75.84859850033322,239.93344421047706
2017-01-29 13:00:00,15.0,82.04242285507175,-75.8485985003334,239.9334442104769
2017-01-29 14:00:00,15.0,82.04242285507159,-75.84859850033355,239.93344421047675
2017-01-29 15:00:00,8.0,82.04242285507145,-75.8485985003337,239.93344421047658
2017-01-29 16:00:00,13.0,82.04242285507131,-75.84859850033384,239.93344421047647
2017-01-29 17:00:00,11.0,82.04242285507117,-75.84859850033398,239.9334442104763
2017-01-29 18:00:00,11.0,82.04242285507104,-75.8485985003341,239.93344421047618
2017-01-29 19:00:00,3.0,82.04242285507091,-75.84859850033423,239.93344421047607
2017-01-29 20:00:00,8.0,82.0424228550708,-75.84859850033435,239.93344421047595
2017-01-29 21:00:00,9.0,82.04242285507068,-75.84859850033446,239.93344421047584
2017-01-29 22:00:00,7.0,82.04242285507057,-75.84859850033457,239.93344421047573
2017-01-29 23:00:00,10.0,82.04242285507047,-75.84859850033467,239.9334442104756
2017-01-30 00:00:00,8.0,82.04242285507037,-75.84859850033477,239.9334442104755
2017-01-30 01:00:00,9.0,82.04242285507027,-75.84859850033487,239.93344421047541
2017-01-30 02:00:00,7.0,82.04242285507019,-75.84859850033496,239.93344421047533
2017-01-30 03:00:00,9.0,82.0424228550701,-75.84859850033504,239.93344421047524
2017-01-30 04:00:00,8.0,82.04242285507001,-75.84859850033513,239.93344421047516
2017-01-30 05:00:00,5.0,82.04242285506993,-75.84859850033521,239.93344421047507
2017-01-30 06:00:00,7.0,82.04242285506986,-75.84859850033529,239.933444210475
2017-01-30 07:00:00,9.0,82.04242285506979,-75.84859850033536,239.93344421047493
2017-01-30 08:00:00,8.0,82.04242285506972,-75.84859850033543,239.93344421047487
2017-01-30 09:00:00,6.0,82.04242285506966,-75.84859850033548,239.93344421047482
2017-01-30 10:00:00,12.0,82.0424228550696,-75.84859850033554,239.93344421047476
2017-01-30 11:00:00,4.0,82.04242285506953,-75.84859850033561,239.93344421047468
2017-01-30 12:00:00,4.0,82.04242285506949,-75.84859850033565,239.93344421047465
2017-01-30 13:00:00,3.0,82.04242285506943,-75.84859850033571,239.9334442104746
2017-01-30 14:00:00,8.0,82.04242285506938,-75.84859850033577,239.93344421047453
2017-01-30 15:00:00,9.0,82.04242285506933,-75.84859850033581,239.93344421047448
2017-01-30 16:00:00,9.0,82.04242285506929,-75.84859850033585,239.93344421047442
2017-01-30 17:00:00,35.0,82.04242285506923,-75.84859850033591,239.93344421047436
2017-01-30 18:00:00,126.0,82.04242285506919,-75.84859850033595,239.93344421047433
2017-01-30 19:00:00,71.0,82.04242285506916,-75.84859850033598,239.9334442104743
2017-01-30 20:00:00,64.0,82.04242285506912,-75.84859850033602,239.93344421047425
2017-01-30 21:00:00,57.0,82.04242285506908,-75.84859850033607,239.93344421047422
2017-01-30 22:00:00,59.0,82.04242285506905,-75.8485985003361,239.9334442104742
2017-01-30 23:00:00,70.0,82.04242285506902,-75.84859850033612,239.93344421047416
2017-01-31 00:00:00,70.0,82.04242285506898,-75.84859850033617,239.93344421047414
2017-01-31 01:00:00,78.0,82.04242285506895,-75.8485985003362,239.93344421047408
2017-01-31 02:00:00,86.0,82.04242285506892,-75.84859850033622,239.93344421047408
2017-01-31 03:00:00,95.0,82.04242285506889,-75.84859850033625,239.93344421047402
2017-01-31 04:00:00,98.0,82.04242285506886,-75.84859850033628,239.93344421047402
2017-01-31 05:00:00,104.0,82.04242285506885,-75.8485985003363,239.933444210474
2017-01-31 06:00:00,86.0,82.04242285506882,-75.84859850033632,239.93344421047397
2017-01-31 07:00:00,94.0,82.04242285506879,-75.84859850033635,239.93344421047394
2017-01-31 08:00:00,93.0,82.04242285506878,-75.84859850033637,239.9334442104739
2017-01-31 09:00:00,100.0,82.04242285506875,-75.8485985003364,239.9334442104739
2017-01-31 10:00:00,85.0,82.04242285506874,-75.84859850033641,239.93344421047388
2017-01-31 11:00:00,81.0,82.04242285506872,-75.84859850033642,239.93344421047385
2017-01-31 12:00:00,79.0,82.0424228550687,-75.84859850033645,239.93344421047385
2017-01-31 13:00:00,68.0,82.04242285506868,-75.84859850033646,239.93344421047382
2017-01-31 14:00:00,50.0,82.04242285506866,-75.84859850033648,239.9334442104738
2017-01-31 15:00:00,55.0,82.04242285506865,-75.8485985003365,239.9334442104738
2017-01-31 16:00:00,72.0,82.04242285506864,-75.84859850033651,239.9334442104738
2017-01-31 17:00:00,80.0,82.04242285506862,-75.84859850033652,239.93344421047377
2017-01-31 18:00:00,72.0,82.04242285506861,-75.84859850033654,239.93344421047374
2017-01-31 19:00:00,91.0,82.0424228550686,-75.84859850033655,239.93344421047374
2017-01-31 20:00:00,73.0,82.04242285506858,-75.84859850033656,239.93344421047374
2017-01-31 21:00:00,24.0,82.04242285506857,-75.84859850033658,239.9334442104737
2017-01-31 22:00:00,10.0,82.04242285506855,-75.84859850033659,239.93344421047368
2017-01-31 23:00:00,3.0,82.04242285506855,-75.84859850033659,239.93344421047368
2017-02-01 00:00:00,5.0,82.04242285506854,-75.8485985003366,239.93344421047368
2017-02-01 01:00:00,5.0,82.04242285506852,-75.84859850033662,239.93344421047368
2017-02-01 02:00:00,7.0,82.04242285506852,-75.84859850033662,239.93344421047368
2017-02-01 03:00:00,6.0,82.04242285506851,-75.84859850033664,239.93344421047365
2017-02-01 04:00:00,8.0,82.0424228550685,-75.84859850033665,239.93344421047362
2017-02-01 05:00:00,8.0,82.0424228550685,-75.84859850033665,239.93344421047362
2017-02-01 06:00:00,6.0,82.04242285506848,-75.84859850033666,239.93344421047362
2017-02-01 07:00:00,5.0,82.04242285506848,-75.84859850033666,239.93344421047362
2017-02-01 08:00:00,7.0,82.04242285506847,-75.84859850033668,239.93344421047362
2017-02-01 09:00:00,9.0,82.04242285506847,-75.84859850033668,239.93344421047362
2017-02-01 10:00:00,10.0,82.04242285506845,-75.84859850033669,239.9334442104736
2017-02-01 11:00:00,6.0,82.04242285506845,-75.84859850033669,239.9334442104736
2017-02-01 12:00:00,9.0,82.04242285506844,-75.8485985003367,239.93344421047357
2017-02-01 13:00:00,15.0,82.04242285506844,-75.8485985003367,239.93344421047357
2017-02-01 14:00:00,8.0,82.04242285506844,-75.8485985003367,239.93344421047357
2017-02-01 15:00:00,10.0,82.04242285506842,-75.84859850033672,239.93344421047357
2017-02-01 16:00:00,17.0,82.04242285506842,-75.84859850033672,239.93344421047357
2017-02-01 17:00:00,20.0,82.04242285506842,-75.84859850033672,239.93344421047357
2017-02-01 18:00:00,3.0,82.04242285506841,-75.84859850033673,239.93344421047357
2017-02-01 19:00:00,44.0,82.04242285506841,-75.84859850033673,239.93344421047357
2017-02-01 20:00:00,89.0,82.04242285506841,-75.84859850033673,239.93344421047357
2017-02-01 21:00:00,126.0,82.04242285506841,-75.84859850033673,239.93344421047357
2017-02-01 22:00:00,129.0,82.0424228550684,-75.84859850033675,239.93344421047354
2017-02-01 23:00:00,146.0,82.0424228550684,-75.84859850033675,239.93344421047354
2017-02-02 00:00:00,154.0,82.0424228550684,-75.84859850033675,239.93344421047354
2017-02-02 01:00:00,124.0,82.0424228550684,-75.84859850033675,239.93344421047354
2017-02-02 02:00:00,133.0,82.04242285506838,-75.84859850033676,239.9334442104735
2017-02-02 03:00:00,121.0,82.04242285506838,-75.84859850033676,239.9334442104735
2017-02-02 04:00:00,37.0,82.04242285506838,-75.84859850033676,239.9334442104735
2017-02-02 05:00:00,34.0,82.04242285506838,-75.84859850033676,239.9334442104735
2017-02-02 06:00:00,31.0,82.04242285506838,-75.84859850033676,239.9334442104735
2017-02-02 07:00:00,38.0,82.04242285506837,-75.84859850033678,239.9334442104735
2017-02-02 08:00:00,37.0,82.04242285506837,-75.84859850033678,239.9334442104735
2017-02-02 09:00:00,42.0,82.04242285506837,-75.84859850033678,239.9334442104735
2017-02-02 10:00:00,41.0,82.04242285506837,-75.84859850033678,239.9334442104735
2017-02-02 11:00:00,51.0,82.04242285506837,-75.84859850033678,239.9334442104735
2017-02-02 12:00:00,58.0,82.04242285506837,-75.84859850033678,239.9334442104735
2017-02-02 13:00:00,61.0,82.04242285506837,-75.84859850033678,239.9334442104735
2017-02-02 14:00:00,63.0,82.04242285506835,-75.84859850033679,239.9334442104735
2017-02-02 15:00:00,70.0,82.04242285506835,-75.84859850033679,239.9334442104735
2017-02-02 16:00:00,71.0,82.04242285506835,-75.84859850033679,239.9334442104735
2017-02-02 17:00:00,72.0,82.04242285506835,-75.84859850033679,239.9334442104735
2017-02-02 18:00:00,87.0,82.04242285506835,-75.84859850033679,239.9334442104735
2017-02-02 19:00:00,119.0,82.04242285506835,-75.84859850033679,239.9334442104735
2017-02-02 20:00:00,132.0,82.04242285506835,-75.84859850033679,239.9334442104735
2017-02-02 21:00:00,147.0,82.04242285506835,-75.84859850033679,239.9334442104735
2017-02-02 22:00:00,150.0,82.04242285506835,-75.84859850033679,239.9334442104735
2017-02-02 23:00:00,156.0,82.04242285506835,-75.84859850033679,239.9334442104735
2017-02-03 00:00:00,148.0,82.04242285506835,-75.84859850033679,239.9334442104735
2017-02-03 01:00:00,145.0,82.04242285506834,-75.8485985003368,239.93344421047348
2017-02-03 02:00:00,166.0,82.04242285506834,-75.8485985003368,239.93344421047348
2017-02-03 03:00:00,168.0,82.04242285506834,-75.8485985003368,239.93344421047348
2017-02-03 04:00:00,140.0,82.04242285506834,-75.8485985003368,239.93344421047348
2017-02-03 05:00:00,112.0,82.04242285506834,-75.8485985003368,239.93344421047348
2017-02-03 06:00:00,103.0,82.04242285506834,-75.8485985003368,239.93344421047348
2017-02-03 07:00:00,100.0,82.04242285506834,-75.8485985003368,239.93344421047348
2017-02-03 08:00:00,102.0,82.04242285506834,-75.8485985003368,239.93344421047348
2017-02-03 09:00:00,97.0,82.04242285506834,-75.8485985003368,239.93344421047348
2017-02-03 10:00:00,63.0,82.04242285506834,-75.8485985003368,239.93344421047348
2017-02-03 11:00:00,66.0,82.04242285506834,-75.8485985003368,239.93344421047348
2017-02-03 12:00:00,79.0,82.04242285506834,-75.8485985003368,239.93344421047348
2017-02-03 13:00:00,103.0,82.04242285506834,-75.8485985003368,239.93344421047348
2017-02-03 14:00:00,116.0,82.04242285506834,-75.8485985003368,239.93344421047348
2017-02-03 15:00:00,127.0,82.04242285506834,-75.8485985003368,239.93344421047348
2017-02-03 16:00:00,156.0,82.04242285506834,-75.8485985003368,239.93344421047348
2017-02-03 17:00:00,219.0,82.04242285506834,-75.8485985003368,239.93344421047348
2017-02-03 18:00:00,232.0,82.04242285506834,-75.8485985003368,239.93344421047348
2017-02-03 19:00:00,245.0,82.04242285506834,-75.8485985003368,239.93344421047348
2017-02-03 20:00:00,251.0,82.04242285506834,-75.8485985003368,239.93344421047348
2017-02-03 21:00:00,299.0,82.04242285506834,-75.8485985003368,239.93344421047348
2017-02-03 22:00:00,319.0,82.04242285506834,-75.8485985003368,239.93344421047348
2017-02-03 23:00:00,317.0,82.04242285506834,-75.8485985003368,239.93344421047348
2017-02-04 00:00:00,321.0,82.04242285506832,-75.84859850033682,239.93344421047345
2017-02-04 01:00:00,316.0,82.04242285506832,-75.84859850033682,239.93344421047345
2017-02-04 02:00:00,317.0,82.04242285506832,-75.84859850033682,239.93344421047345
2017-02-04 03:00:00,339.0,82.04242285506832,-75.84859850033682,239.93344421047345
2017-02-04 04:00:00,351.0,82.04242285506832,-75.84859850033682,239.93344421047345
2017-02-04 05:00:00,343.0,82.04242285506832,-75.84859850033682,239.93344421047345
2017-02-04 06:00:00,359.0,82.04242285506832,-75.84859850033682,239.93344421047345
2017-02-04 07:00:00,331.0,82.04242285506832,-75.84859850033682,239.93344421047345
2017-02-04 08:00:00,311.0,82.04242285506832,-75.84859850033682,239.93344421047345
2017-02-04 09:00:00,303.0,82.04242285506832,-75.84859850033682,239.93344421047345
2017-02-04 10:00:00,288.0,82.04242285506832,-75.84859850033682,239.93344421047345
2017-02-04 11:00:00,281.0,82.04242285506832,-75.84859850033682,239.93344421047345
2017-02-04 12:00:00,300.0,82.04242285506832,-75.84859850033682,239.93344421047345
2017-02-04 13:00:00,284.0,82.04242285506832,-75.84859850033682,239.93344421047345
2017-02-04 14:00:00,251.0,82.04242285506832,-75.84859850033682,239.93344421047345
2017-02-04 15:00:00,213.0,82.04242285506832,-75.84859850033682,239.93344421047345
2017-02-04 16:00:00,258.0,82.04242285506832,-75.84859850033682,239.93344421047345
2017-02-04 17:00:00,348.0,82.04242285506832,-75.84859850033682,239.93344421047345
2017-02-04 18:00:00,327.0,82.04242285506832,-75.84859850033682,239.93344421047345
2017-02-04 19:00:00,279.0,82.04242285506832,-75.84859850033682,239.93344421047345
2017-02-04 20:00:00,82.0,82.04242285506832,-75.84859850033682,239.93344421047345
2017-02-04 21:00:00,25.0,82.04242285506832,-75.84859850033682,239.93344421047345
2017-02-04 22:00:00,9.0,82.04242285506832,-75.84859850033682,239.93344421047345
2017-02-04 23:00:00,8.0,82.04242285506832,-75.84859850033682,239.93344421047345
2017-02-05 00:00:00,10.0,82.04242285506832,-75.84859850033682,239.93344421047345
2017-02-05 01:00:00,11.0,82.04242285506832,-75.84859850033682,239.93344421047345
2017-02-05 02:00:00,17.0,82.04242285506832,-75.84859850033682,239.93344421047345
2017-02-05 03:00:00,17.0,82.04242285506832,-75.84859850033682,239.93344421047345
2017-02-05 04:00:00,19.0,82.04242285506832,-75.84859850033682,239.93344421047345
2017-02-05 05:00:00,20.0,82.04242285506832,-75.84859850033682,239.93344421047345
2017-02-05 06:00:00,18.0,82.04242285506832,-75.84859850033682,239.93344421047345
2017-02-05 07:00:00,15.0,82.04242285506832,-75.84859850033682,239.93344421047345
2017-02-05 08:00:00,10.0,82.04242285506832,-75.84859850033682,239.93344421047345
2017-02-05 09:00:00,8.0,82.04242285506832,-75.84859850033682,239.93344421047345
2017-02-05 10:00:00,7.0,82.04242285506832,-75.84859850033682,239.93344421047345
2017-02-05 11:00:00,10.0,82.04242285506832,-75.84859850033682,239.93344421047345
2017-02-05 12:00:00,8.0,82.04242285506832,-75.84859850033682,239.93344421047345
2017-02-05 13:00:00,9.0,82.04242285506832,-75.84859850033682,239.93344421047345
2017-02-05 14:00:00,9.0,82.04242285506832,-75.84859850033682,239.93344421047345
2017-02-05 15:00:00,9.0,82.04242285506832,-75.84859850033682,239.93344421047345
2017-02-05 16:00:00,18.0,82.04242285506832,-75.84859850033682,239.93344421047345
2017-02-05 17:00:00,18.0,82.04242285506832,-75.84859850033682,239.93344421047345
2017-02-05 18:00:00,10.0,82.04242285506832,-75.84859850033682,239.93344421047345
2017-02-05 19:00:00,7.0,82.04242285506832,-75.84859850033682,239.93344421047345
2017-02-05 20:00:00,7.0,82.04242285506832,-75.84859850033682,239.93344421047345
2017-02-05 21:00:00,9.0,82.04242285506832,-75.84859850033682,239.93344421047345
2017-02-05 22:00:00,8.0,82.04242285506832,-75.84859850033682,239.93344421047345
2017-02-05 23:00:00,11.0,82.04242285506832,-75.84859850033682,239.93344421047345
2017-02-06 00:00:00,8.0,82.04242285506832,-75.84859850033682,239.93344421047345
2017-02-06 01:00:00,10.0,82.04242285506832,-75.84859850033682,239.93344421047345
2017-02-06 02:00:00,9.0,82.04242285506832,-75.84859850033682,239.93344421047345
2017-02-06 03:00:00,6.0,82.04242285506832,-75.84859850033682,239.93344421047345
2017-02-06 04:00:00,5.0,82.04242285506832,-75.84859850033682,239.93344421047345
2017-02-06 05:00:00,7.0,82.04242285506832,-75.84859850033682,239.93344421047345
2017-02-06 06:00:00,3.0,82.04242285506832,-75.84859850033682,239.93344421047345
2017-02-06 07:00:00,6.0,82.04242285506832,-75.84859850033682,239.93344421047345
2017-02-06 08:00:00,5.0,82.04242285506832,-75.84859850033682,239.93344421047345
2017-02-06 09:00:00,7.0,82.04242285506832,-75.84859850033682,239.93344421047345
2017-02-06 10:00:00,6.0,82.04242285506832,-75.84859850033682,239.93344421047345
2017-02-06 11:00:00,7.0,82.04242285506832,-75.84859850033682,239.93344421047345
2017-02-06 12:00:00,5.0,82.04242285506832,-75.84859850033682,239.93344421047345
2017-02-06 13:00:00,3.0,82.04242285506832,-75.84859850033682,239.93344421047345
2017-02-06 14:00:00,3.0,82.04242285506832,-75.84859850033682,239.93344421047345
2017-02-06 15:00:00,4.0,82.04242285506832,-75.84859850033682,239.93344421047345
2017-02-06 16:00:00,6.0,82.04242285506832,-75.84859850033682,239.93344421047345
2017-02-06 17:00:00,13.0,82.04242285506832,-75.84859850033682,239.93344421047345
2017-02-06 18:00:00,7.0,82.04242285506832,-75.84859850033682,239.93344421047345
2017-02-06 19:00:00,21.0,82.04242285506832,-75.84859850033682,239.93344421047345
2017-02-06 20:00:00,26.0,82.04242285506832,-75.84859850033682,239.93344421047345
2017-02-06 21:00:00,30.0,82.04242285506832,-75.84859850033682,239.93344421047345
2017-02-06 22:00:00,38.0,82.04242285506832,-75.84859850033682,239.93344421047345
2017-02-06 23:00:00,35.0,82.04242285506832,-75.84859850033682,239.93344421047345
2017-02-07 00:00:00,40.0,82.04242285506832,-75.84859850033682,239.93344421047345
2017-02-07 01:00:00,56.0,82.04242285506832,-75.84859850033682,239.93344421047345
2017-02-07 02:00:00,68.0,82.04242285506832,-75.84859850033682,239.93344421047345
2017-02-07 03:00:00,70.0,82.04242285506832,-75.84859850033682,239.93344421047345
2017-02-07 04:00:00,67.0,82.04242285506832,-75.84859850033682,239.93344421047345
2017-02-07 05:00:00,66.0,82.04242285506832,-75.84859850033682,239.93344421047345
2017-02-07 06:00:00,70.0,82.04242285506832,-75.84859850033682,239.93344421047345
2017-02-07 07:00:00,69.0,82.04242285506832,-75.84859850033682,239.93344421047345
2017-02-07 08:00:00,76.0,82.04242285506832,-75.84859850033682,239.93344421047345
2017-02-07 09:00:00,78.0,82.04242285506832,-75.84859850033682,239.93344421047345
2017-02-07 10:00:00,90.0,82.04242285506832,-75.84859850033682,239.93344421047345
2017-02-07 11:00:00,73.0,82.04242285506832,-75.84859850033682,239.93344421047345
2017-02-07 12:00:00,40.0,82.04242285506832,-75.84859850033682,239.93344421047345
2017-02-07 13:00:00,38.0,82.04242285506832,-75.84859850033682,239.93344421047345
2017-02-07 14:00:00,45.0,82.04242285506832,-75.84859850033682,239.93344421047345
2017-02-07 15:00:00,59.0,82.04242285506832,-75.84859850033682,239.93344421047345
2017-02-07 16:00:00,88.0,82.04242285506832,-75.84859850033682,239.93344421047345
2017-02-07 17:00:00,101.0,82.04242285506832,-75.84859850033682,239.93344421047345
2017-02-07 18:00:00,110.0,82.04242285506832,-75.84859850033682,239.93344421047345
2017-02-07 19:00:00,110.0,82.04242285506832,-75.84859850033682,239.93344421047345
2017-02-07 20:00:00,118.0,82.04242285506832,-75.84859850033682,239.93344421047345
2017-02-07 21:00:00,107.0,82.04242285506832,-75.84859850033682,239.93344421047345
2017-02-07 22:00:00,106.0,82.04242285506832,-75.84859850033682,239.93344421047345
2017-02-07 23:00:00,114.0,82.04242285506832,-75.84859850033682,239.93344421047345
2017-02-08 00:00:00,113.0,82.04242285506832,-75.84859850033682,239.93344421047345
2017-02-08 01:00:00,117.0,82.04242285506832,-75.84859850033682,239.93344421047345
2017-02-08 02:00:00,118.0,82.04242285506832,-75.84859850033682,239.93344421047345
2017-02-08 03:00:00,118.0,82.04242285506832,-75.84859850033682,239.93344421047345
2017-02-08 04:00:00,111.0,82.04242285506832,-75.84859850033682,239.93344421047345
2017-02-08 05:00:00,102.0,82.04242285506832,-75.84859850033682,239.93344421047345
2017-02-08 06:00:00,63.0,82.04242285506832,-75.84859850033682,239.93344421047345
2017-02-08 07:00:00,10.0,82.04242285506832,-75.84859850033682,239.93344421047345
2017-02-08 08:00:00,8.0,82.04242285506832,-75.84859850033682,239.93344421047345
2017-02-08 09:00:00,9.0,82.04242285506832,-75.84859850033682,239.93344421047345
2017-02-08 10:00:00,12.0,82.04242285506832,-75.84859850033682,239.93344421047345
2017-02-08 11:00:00,10.0,82.04242285506832,-75.84859850033682,239.93344421047345
2017-02-08 12:00:00,7.0,82.04242285506832,-75.84859850033682,239.93344421047345
2017-02-08 13:00:00,14.0,82.04242285506832,-75.84859850033682,239.93344421047345
2017-02-08 14:00:00,12.0,82.04242285506832,-75.84859850033682,239.93344421047345
2017-02-08 15:00:00,7.0,82.04242285506832,-75.84859850033682,239.93344421047345
2017-02-08 16:00:00,14.0,82.04242285506832,-75.84859850033682,239.93344421047345
2017-02-08 17:00:00,11.0,82.04242285506832,-75.84859850033682,239.93344421047345
2017-02-08 18:00:00,6.0,82.04242285506832,-75.84859850033682,239.93344421047345
2017-02-08 19:00:00,8.0,82.04242285506832,-75.84859850033682,239.93344421047345
2017-02-08 20:00:00,9.0,82.04242285506832,-75.84859850033682,239.93344421047345
2017-02-08 21:00:00,6.0,82.04242285506832,-75.84859850033682,239.93344421047345
2017-02-08 22:00:00,9.0,82.04242285506832,-75.84859850033682,239.93344421047345
2017-02-08 23:00:00,8.0,82.04242285506832,-75.84859850033682,239.93344421047345
2017-02-09 00:00:00,10.0,82.04242285506832,-75.84859850033682,239.93344421047345
2017-02-09 01:00:00,6.0,82.04242285506832,-75.84859850033682,239.93344421047345
2017-02-09 02:00:00,9.0,82.04242285506832,-75.84859850033682,239.93344421047345
2017-02-09 03:00:00,8.5,82.04242285506832,-75.84859850033682,239.93344421047345
2017-02-09 04:00:00,8.0,82.04242285506832,-75.84859850033682,239.93344421047345
2017-02-09 05:00:00,6.0,82.04242285506832,-75.84859850033682,239.93344421047345
2017-02-09 06:00:00,4.0,82.04242285506832,-75.84859850033682,239.93344421047345
2017-02-09 07:00:00,7.0,82.04242285506832,-75.84859850033682,239.93344421047345
2017-02-09 08:00:00,6.0,82.04242285506832,-75.84859850033682,239.93344421047345
2017-02-09 09:00:00,7.0,82.04242285506832,-75.84859850033682,239.93344421047345
2017-02-09 10:00:00,6.0,82.04242285506832,-75.84859850033682,239.93344421047345
2017-02-09 11:00:00,4.0,82.04242285506832,-75.84859850033682,239.93344421047345
2017-02-09 12:00:00,8.0,82.04242285506832,-75.84859850033682,239.93344421047345
2017-02-09 13:00:00,7.0,82.04242285506832,-75.84859850033682,239.93344421047345
2017-02-09 14:00:00,11.0,82.04242285506832,-75.84859850033682,239.93344421047345
2017-02-09 15:00:00,11.0,82.04242285506832,-75.84859850033682,239.93344421047345
2017-02-09 16:00:00,8.0,82.04242285506832,-75.84859850033682,239.93344421047345
2017-02-09 17:00:00,4.0,82.04242285506832,-75.84859850033682,239.93344421047345
2017-02-09 18:00:00,3.0,82.04242285506832,-75.84859850033682,239.93344421047345
2017-02-09 19:00:00,7.0,82.04242285506832,-75.84859850033682,239.93344421047345
2017-02-09 20:00:00,7.0,82.04242285506832,-75.84859850033682,239.93344421047345
2017-02-09 21:00:00,8.0,82.04242285506832,-75.84859850033682,239.93344421047345
2017-02-09 22:00:00,8.0,82.04242285506832,-75.84859850033682,239.93344421047345
2017-02-09 23:00:00,6.0,82.04242285506832,-75.84859850033682,239.93344421047345
2017-02-10 00:00:00,5.0,82.04242285506832,-75.84859850033682,239.93344421047345
2017-02-10 01:00:00,8.0,82.04242285506832,-75.84859850033682,239.93344421047345
2017-02-10 02:00:00,4.0,82.04242285506832,-75.84859850033682,239.93344421047345
2017-02-10 03:00:00,8.0,82.04242285506832,-75.84859850033682,239.93344421047345
2017-02-10 04:00:00,4.0,82.04242285506832,-75.84859850033682,239.93344421047345
2017-02-10 05:00:00,5.0,82.04242285506832,-75.84859850033682,239.93344421047345
2017-02-10 06:00:00,3.0,82.04242285506832,-75.84859850033682,239.93344421047345
2017-02-10 07:00:00,7.0,82.04242285506832,-75.84859850033682,239.93344421047345
2017-02-10 08:00:00,6.0,82.04242285506832,-75.84859850033682,239.93344421047345
2017-02-10 09:00:00,7.0,82.04242285506832,-75.84859850033682,239.93344421047345
2017-02-10 10:00:00,10.0,82.04242285506832,-75.84859850033682,239.93344421047345
2017-02-10 11:00:00,9.0,82.04242285506832,-75.84859850033682,239.93344421047345
2017-02-10 12:00:00,5.0,82.04242285506832,-75.84859850033682,239.93344421047345
2017-02-10 13:00:00,9.0,82.04242285506832,-75.84859850033682,239.93344421047345
2017-02-10 14:00:00,7.0,82.04242285506832,-75.84859850033682,239.93344421047345
2017-02-10 15:00:00,6.0,82.04242285506832,-75.84859850033682,239.93344421047345
2017-02-10 16:00:00,9.0,82.04242285506832,-75.84859850033682,239.93344421047345
2017-02-10 17:00:00,6.0,82.04242285506832,-75.84859850033682,239.93344421047345
2017-02-10 18:00:00,8.0,82.04242285506832,-75.84859850033682,239.93344421047345
2017-02-10 19:00:00,6.0,82.04242285506832,-75.84859850033682,239.93344421047345
2017-02-10 20:00:00,9.0,82.04242285506832,-75.84859850033682,239.93344421047345
2017-02-10 21:00:00,7.0,82.04242285506832,-75.84859850033682,239.93344421047345
2017-02-10 22:00:00,8.0,82.04242285506832,-75.84859850033682,239.93344421047345
2017-02-10 23:00:00,13.0,82.04242285506832,-75.84859850033682,239.93344421047345
2017-02-11 00:00:00,9.0,82.04242285506832,-75.84859850033682,239.93344421047345
2017-02-11 01:00:00,12.0,82.04242285506832,-75.84859850033682,239.93344421047345
2017-02-11 02:00:00,11.0,82.04242285506832,-75.84859850033682,239.93344421047345
2017-02-11 03:00:00,11.0,82.04242285506832,-75.84859850033682,239.93344421047345
2017-02-11 04:00:00,19.0,82.04242285506832,-75.84859850033682,239.93344421047345
2017-02-11 05:00:00,18.0,82.04242285506832,-75.84859850033682,239.93344421047345
2017-02-11 06:00:00,15.0,82.04242285506832,-75.84859850033682,239.93344421047345
2017-02-11 07:00:00,11.0,82.04242285506832,-75.84859850033682,239.93344421047345
2017-02-11 08:00:00,13.0,82.04242285506832,-75.84859850033682,239.93344421047345
2017-02-11 09:00:00,22.0,82.04242285506832,-75.84859850033682,239.93344421047345
2017-02-11 10:00:00,19.0,82.04242285506832,-75.84859850033682,239.93344421047345
2017-02-11 11:00:00,17.0,82.04242285506832,-75.84859850033682,239.93344421047345
2017-02-11 12:00:00,14.0,82.04242285506832,-75.84859850033682,239.93344421047345
2017-02-11 13:00:00,10.0,82.04242285506832,-75.84859850033682,239.93344421047345
2017-02-11 14:00:00,3.0,82.04242285506832,-75.84859850033682,239.93344421047345
2017-02-11 15:00:00,14.0,82.04242285506832,-75.84859850033682,239.93344421047345
2017-02-11 16:00:00,13.0,82.04242285506832,-75.84859850033682,239.93344421047345
2017-02-11 17:00:00,30.0,82.04242285506832,-75.84859850033682,239.93344421047345
2017-02-11 18:00:00,49.0,82.04242285506832,-75.84859850033682,239.93344421047345
2017-02-11 19:00:00,56.0,82.04242285506832,-75.84859850033682,239.93344421047345
2017-02-11 20:00:00,90.0,82.04242285506832,-75.84859850033682,239.93344421047345
2017-02-11 21:00:00,139.0,82.04242285506832,-75.84859850033682,239.93344421047345
2017-02-11 22:00:00,185.0,82.04242285506832,-75.84859850033682,239.93344421047345
2017-02-11 23:00:00,237.0,82.04242285506832,-75.84859850033682,239.93344421047345
2017-02-12 00:00:00,220.0,82.04242285506832,-75.84859850033682,239.93344421047345
2017-02-12 01:00:00,214.0,82.04242285506832,-75.84859850033682,239.93344421047345
2017-02-12 02:00:00,113.0,82.04242285506832,-75.84859850033682,239.93344421047345
2017-02-12 03:00:00,101.0,82.04242285506832,-75.84859850033682,239.93344421047345
2017-02-12 04:00:00,46.0,82.04242285506832,-75.84859850033682,239.93344421047345
2017-02-12 05:00:00,31.0,82.04242285506832,-75.84859850033682,239.93344421047345
2017-02-12 06:00:00,30.0,82.04242285506832,-75.84859850033682,239.93344421047345
2017-02-12 07:00:00,44.0,82.04242285506832,-75.84859850033682,239.93344421047345
2017-02-12 08:00:00,60.0,82.04242285506832,-75.84859850033682,239.93344421047345
2017-02-12 09:00:00,69.0,82.04242285506832,-75.84859850033682,239.93344421047345
2017-02-12 10:00:00,93.0,82.04242285506832,-75.84859850033682,239.93344421047345
2017-02-12 11:00:00,126.0,82.04242285506832,-75.84859850033682,239.93344421047345
2017-02-12 12:00:00,118.0,82.04242285506832,-75.84859850033682,239.93344421047345
2017-02-12 13:00:00,116.0,82.04242285506832,-75.84859850033682,239.93344421047345
2017-02-12 14:00:00,114.0,82.04242285506832,-75.84859850033682,239.93344421047345
2017-02-12 15:00:00,98.0,82.04242285506832,-75.84859850033682,239.93344421047345
2017-02-12 16:00:00,109.0,82.04242285506832,-75.84859850033682,239.93344421047345
2017-02-12 17:00:00,97.0,82.04242285506832,-75.84859850033682,239.93344421047345
2017-02-12 18:00:00,107.0,82.04242285506832,-75.84859850033682,239.93344421047345
2017-02-12 19:00:00,113.0,82.04242285506832,-75.84859850033682,239.93344421047345
2017-02-12 20:00:00,102.0,82.04242285506832,-75.84859850033682,239.93344421047345
2017-02-12 21:00:00,122.0,82.04242285506832,-75.84859850033682,239.93344421047345
2017-02-12 22:00:00,129.0,82.04242285506832,-75.84859850033682,239.93344421047345
2017-02-12 23:00:00,135.0,82.04242285506832,-75.84859850033682,239.93344421047345
2017-02-13 00:00:00,151.0,82.04242285506832,-75.84859850033682,239.93344421047345
2017-02-13 01:00:00,191.0,82.04242285506832,-75.84859850033682,239.93344421047345
2017-02-13 02:00:00,198.0,82.04242285506832,-75.84859850033682,239.93344421047345
2017-02-13 03:00:00,198.0,82.04242285506832,-75.84859850033682,239.93344421047345
2017-02-13 04:00:00,178.0,82.04242285506832,-75.84859850033682,239.93344421047345
2017-02-13 05:00:00,131.0,82.04242285506832,-75.84859850033682,239.93344421047345
2017-02-13 06:00:00,134.0,82.04242285506832,-75.84859850033682,239.93344421047345
2017-02-13 07:00:00,119.0,82.04242285506832,-75.84859850033682,239.93344421047345
2017-02-13 08:00:00,73.0,82.04242285506832,-75.84859850033682,239.93344421047345
2017-02-13 09:00:00,72.0,82.04242285506832,-75.84859850033682,239.93344421047345
2017-02-13 10:00:00,65.0,82.04242285506832,-75.84859850033682,239.93344421047345
2017-02-13 11:00:00,45.0,82.04242285506832,-75.84859850033682,239.93344421047345
2017-02-13 12:00:00,29.0,82.04242285506832,-75.84859850033682,239.93344421047345
2017-02-13 13:00:00,15.0,82.04242285506832,-75.84859850033682,239.93344421047345
2017-02-13 14:00:00,14.0,82.04242285506832,-75.84859850033682,239.93344421047345
2017-02-13 15:00:00,16.0,82.04242285506832,-75.84859850033682,239.93344421047345
2017-02-13 16:00:00,18.0,82.04242285506832,-75.84859850033682,239.93344421047345
2017-02-13 17:00:00,21.0,82.04242285506832,-75.84859850033682,239.93344421047345
2017-02-13 18:00:00,24.0,82.04242285506832,-75.84859850033682,239.93344421047345
2017-02-13 19:00:00,24.0,82.04242285506832,-75.84859850033682,239.93344421047345
2017-02-13 20:00:00,89.0,82.04242285506832,-75.84859850033682,239.93344421047345
2017-02-13 21:00:00,101.0,82.04242285506832,-75.84859850033682,239.93344421047345
2017-02-13 22:00:00,144.0,82.04242285506832,-75.84859850033682,239.93344421047345
2017-02-13 23:00:00,180.0,82.04242285506832,-75.84859850033682,239.93344421047345
2017-02-14 00:00:00,159.0,82.04242285506832,-75.84859850033682,239.93344421047345
2017-02-14 01:00:00,137.0,82.04242285506832,-75.84859850033682,239.93344421047345
2017-02-14 02:00:00,144.0,82.04242285506832,-75.84859850033682,239.93344421047345
2017-02-14 03:00:00,149.0,82.04242285506832,-75.84859850033682,239.93344421047345
2017-02-14 04:00:00,148.0,82.04242285506832,-75.84859850033682,239.93344421047345
2017-02-14 05:00:00,148.0,82.04242285506832,-75.84859850033682,239.93344421047345
2017-02-14 06:00:00,139.0,82.04242285506832,-75.84859850033682,239.93344421047345
2017-02-14 07:00:00,151.0,82.04242285506832,-75.84859850033682,239.93344421047345
2017-02-14 08:00:00,148.0,82.04242285506832,-75.84859850033682,239.93344421047345
2017-02-14 09:00:00,140.0,82.04242285506832,-75.84859850033682,239.93344421047345
2017-02-14 10:00:00,149.0,82.04242285506832,-75.84859850033682,239.93344421047345
2017-02-14 11:00:00,170.0,82.04242285506832,-75.84859850033682,239.93344421047345
2017-02-14 12:00:00,196.0,82.04242285506832,-75.84859850033682,239.93344421047345
2017-02-14 13:00:00,198.0,82.04242285506832,-75.84859850033682,239.93344421047345
2017-02-14 14:00:00,215.0,82.04242285506832,-75.84859850033682,239.93344421047345
2017-02-14 15:00:00,213.0,82.04242285506832,-75.84859850033682,239.93344421047345
2017-02-14 16:00:00,214.0,82.04242285506832,-75.84859850033682,239.93344421047345
2017-02-14 17:00:00,210.0,82.04242285506832,-75.84859850033682,239.93344421047345
2017-02-14 18:00:00,205.0,82.04242285506832,-75.84859850033682,239.93344421047345
2017-02-14 19:00:00,210.0,82.04242285506832,-75.84859850033682,239.93344421047345
2017-02-14 20:00:00,211.0,82.04242285506832,-75.84859850033682,239.93344421047345
2017-02-14 21:00:00,227.0,82.04242285506832,-75.84859850033682,239.93344421047345
2017-02-14 22:00:00,247.0,82.04242285506832,-75.84859850033682,239.93344421047345
2017-02-14 23:00:00,260.0,82.04242285506832,-75.84859850033682,239.93344421047345
2017-02-15 00:00:00,277.0,82.04242285506832,-75.84859850033682,239.93344421047345
2017-02-15 01:00:00,261.0,82.04242285506832,-75.84859850033682,239.93344421047345
2017-02-15 02:00:00,244.0,82.04242285506832,-75.84859850033682,239.93344421047345
2017-02-15 03:00:00,236.0,82.04242285506832,-75.84859850033682,239.93344421047345
2017-02-15 04:00:00,225.0,82.04242285506832,-75.84859850033682,239.93344421047345
2017-02-15 05:00:00,240.0,82.04242285506832,-75.84859850033682,239.93344421047345
2017-02-15 06:00:00,241.0,82.04242285506832,-75.84859850033682,239.93344421047345
2017-02-15 07:00:00,230.0,82.04242285506832,-75.84859850033682,239.93344421047345
2017-02-15 08:00:00,232.0,82.04242285506832,-75.84859850033682,239.93344421047345
2017-02-15 09:00:00,234.0,82.04242285506832,-75.84859850033682,239.93344421047345
2017-02-15 10:00:00,245.0,82.04242285506832,-75.84859850033682,239.93344421047345
2017-02-15 11:00:00,249.0,82.04242285506832,-75.84859850033682,239.93344421047345
2017-02-15 12:00:00,265.0,82.04242285506832,-75.84859850033682,239.93344421047345
2017-02-15 13:00:00,229.0,82.04242285506832,-75.84859850033682,239.93344421047345
2017-02-15 14:00:00,3.0,82.04242285506832,-75.84859850033682,239.93344421047345
2017-02-15 15:00:00,3.0,82.04242285506832,-75.84859850033682,239.93344421047345
2017-02-15 16:00:00,173.0,82.04242285506832,-75.84859850033682,239.93344421047345
2017-02-15 17:00:00,253.0,82.04242285506832,-75.84859850033682,239.93344421047345
2017-02-15 18:00:00,269.0,82.04242285506832,-75.84859850033682,239.93344421047345
2017-02-15 19:00:00,275.0,82.04242285506832,-75.84859850033682,239.93344421047345
2017-02-15 20:00:00,285.0,82.04242285506832,-75.84859850033682,239.93344421047345
2017-02-15 21:00:00,255.0,82.04242285506832,-75.84859850033682,239.93344421047345
2017-02-15 22:00:00,263.0,82.04242285506832,-75.84859850033682,239.93344421047345
2017-02-15 23:00:00,276.0,82.04242285506832,-75.84859850033682,239.93344421047345
2017-02-16 00:00:00,295.0,82.04242285506832,-75.84859850033682,239.93344421047345
2017-02-16 01:00:00,299.0,82.04242285506832,-75.84859850033682,239.93344421047345
2017-02-16 02:00:00,285.0,82.04242285506832,-75.84859850033682,239.93344421047345
2017-02-16 03:00:00,277.0,82.04242285506832,-75.84859850033682,239.93344421047345
2017-02-16 04:00:00,284.0,82.04242285506832,-75.84859850033682,239.93344421047345
2017-02-16 05:00:00,275.0,82.04242285506832,-75.84859850033682,239.93344421047345
2017-02-16 06:00:00,270.0,82.04242285506832,-75.84859850033682,239.93344421047345
2017-02-16 07:00:00,270.0,82.04242285506832,-75.84859850033682,239.93344421047345
2017-02-16 08:00:00,236.0,82.04242285506832,-75.84859850033682,239.93344421047345
2017-02-16 09:00:00,185.0,82.04242285506832,-75.84859850033682,239.93344421047345
2017-02-16 10:00:00,82.0,82.04242285506832,-75.84859850033682,239.93344421047345
2017-02-16 11:00:00,41.0,82.04242285506832,-75.84859850033682,239.93344421047345
2017-02-16 12:00:00,14.0,82.04242285506832,-75.84859850033682,239.93344421047345
2017-02-16 13:00:00,15.0,82.04242285506832,-75.84859850033682,239.93344421047345
2017-02-16 14:00:00,11.0,82.04242285506832,-75.84859850033682,239.93344421047345
2017-02-16 15:00:00,4.0,82.04242285506832,-75.84859850033682,239.93344421047345
2017-02-16 16:00:00,10.0,82.04242285506832,-75.84859850033682,239.93344421047345
2017-02-16 17:00:00,14.0,82.04242285506832,-75.84859850033682,239.93344421047345
2017-02-16 18:00:00,9.0,82.04242285506832,-75.84859850033682,239.93344421047345
2017-02-16 19:00:00,9.0,82.04242285506832,-75.84859850033682,239.93344421047345
2017-02-16 20:00:00,11.0,82.04242285506832,-75.84859850033682,239.93344421047345
2017-02-16 21:00:00,8.0,82.04242285506832,-75.84859850033682,239.93344421047345
2017-02-16 22:00:00,8.0,82.04242285506832,-75.84859850033682,239.93344421047345
2017-02-16 23:00:00,5.0,82.04242285506832,-75.84859850033682,239.93344421047345
2017-02-17 00:00:00,6.0,82.04242285506832,-75.84859850033682,239.93344421047345
2017-02-17 01:00:00,6.0,82.04242285506832,-75.84859850033682,239.93344421047345
2017-02-17 02:00:00,5.0,82.04242285506832,-75.84859850033682,239.93344421047345
2017-02-17 03:00:00,7.0,82.04242285506832,-75.84859850033682,239.93344421047345
2017-02-17 04:00:00,10.0,82.04242285506832,-75.84859850033682,239.93344421047345
2017-02-17 05:00:00,9.0,82.04242285506832,-75.84859850033682,239.93344421047345
2017-02-17 06:00:00,10.0,82.04242285506832,-75.84859850033682,239.93344421047345
2017-02-17 07:00:00,9.0,82.04242285506832,-75.84859850033682,239.93344421047345
2017-02-17 08:00:00,9.0,82.04242285506832,-75.84859850033682,239.93344421047345
2017-02-17 09:00:00,9.0,82.04242285506832,-75.84859850033682,239.93344421047345
2017-02-17 10:00:00,8.0,82.04242285506832,-75.84859850033682,239.93344421047345
2017-02-17 11:00:00,6.0,82.04242285506832,-75.84859850033682,239.93344421047345
2017-02-17 12:00:00,8.0,82.04242285506832,-75.84859850033682,239.93344421047345
2017-02-17 13:00:00,8.0,82.04242285506832,-75.84859850033682,239.93344421047345
2017-02-17 14:00:00,6.0,82.04242285506832,-75.84859850033682,239.93344421047345
2017-02-17 15:00:00,7.0,82.04242285506832,-75.84859850033682,239.93344421047345
2017-02-17 16:00:00,9.0,82.04242285506832,-75.84859850033682,239.93344421047345
2017-02-17 17:00:00,27.0,82.04242285506832,-75.84859850033682,239.93344421047345
2017-02-17 18:00:00,49.0,82.04242285506832,-75.84859850033682,239.93344421047345
2017-02-17 19:00:00,64.0,82.04242285506832,-75.84859850033682,239.93344421047345
2017-02-17 20:00:00,57.0,82.04242285506832,-75.84859850033682,239.93344421047345
2017-02-17 21:00:00,53.0,82.04242285506832,-75.84859850033682,239.93344421047345
2017-02-17 22:00:00,52.0,82.04242285506832,-75.84859850033682,239.93344421047345
2017-02-17 23:00:00,50.0,82.04242285506832,-75.84859850033682,239.93344421047345
2017-02-18 00:00:00,56.0,82.04242285506832,-75.84859850033682,239.93344421047345
2017-02-18 01:00:00,67.0,82.04242285506832,-75.84859850033682,239.93344421047345
2017-02-18 02:00:00,71.0,82.04242285506832,-75.84859850033682,239.93344421047345
2017-02-18 03:00:00,87.0,82.04242285506832,-75.84859850033682,239.93344421047345
2017-02-18 04:00:00,80.0,82.04242285506832,-75.84859850033682,239.93344421047345
2017-02-18 05:00:00,74.0,82.04242285506832,-75.84859850033682,239.93344421047345
2017-02-18 06:00:00,74.0,82.04242285506832,-75.84859850033682,239.93344421047345
2017-02-18 07:00:00,71.0,82.04242285506832,-75.84859850033682,239.93344421047345
2017-02-18 08:00:00,70.0,82.04242285506832,-75.84859850033682,239.93344421047345
2017-02-18 09:00:00,79.0,82.04242285506832,-75.84859850033682,239.93344421047345
2017-02-18 10:00:00,75.0,82.04242285506832,-75.84859850033682,239.93344421047345
2017-02-18 11:00:00,89.0,82.04242285506832,-75.84859850033682,239.93344421047345
2017-02-18 12:00:00,94.0,82.04242285506832,-75.84859850033682,239.93344421047345
2017-02-18 13:00:00,91.0,82.04242285506832,-75.84859850033682,239.93344421047345
2017-02-18 14:00:00,87.0,82.04242285506832,-75.84859850033682,239.93344421047345
2017-02-18 15:00:00,87.0,82.04242285506832,-75.84859850033682,239.93344421047345
2017-02-18 16:00:00,92.0,82.04242285506832,-75.84859850033682,239.93344421047345
2017-02-18 17:00:00,75.0,82.04242285506832,-75.84859850033682,239.93344421047345
2017-02-18 18:00:00,62.0,82.04242285506832,-75.84859850033682,239.93344421047345
2017-02-18 19:00:00,75.0,82.04242285506832,-75.84859850033682,239.93344421047345
2017-02-18 20:00:00,90.0,82.04242285506832,-75.84859850033682,239.93344421047345
2017-02-18 21:00:00,103.0,82.04242285506832,-75.84859850033682,239.93344421047345
2017-02-18 22:00:00,108.0,82.04242285506832,-75.84859850033682,239.93344421047345
2017-02-18 23:00:00,123.0,82.04242285506832,-75.84859850033682,239.93344421047345
2017-02-19 00:00:00,129.0,82.04242285506832,-75.84859850033682,239.93344421047345
2017-02-19 01:00:00,134.0,82.04242285506832,-75.84859850033682,239.93344421047345
2017-02-19 02:00:00,144.0,82.04242285506832,-75.84859850033682,239.93344421047345
2017-02-19 03:00:00,161.0,82.04242285506832,-75.84859850033682,239.93344421047345
2017-02-19 04:00:00,169.0,82.04242285506832,-75.84859850033682,239.93344421047345
2017-02-19 05:00:00,170.0,82.04242285506832,-75.84859850033682,239.93344421047345
2017-02-19 06:00:00,167.0,82.04242285506832,-75.84859850033682,239.93344421047345
2017-02-19 07:00:00,168.0,82.04242285506832,-75.84859850033682,239.93344421047345
2017-02-19 08:00:00,169.0,82.04242285506832,-75.84859850033682,239.93344421047345
2017-02-19 09:00:00,162.0,82.04242285506832,-75.84859850033682,239.93344421047345
2017-02-19 10:00:00,162.0,82.04242285506832,-75.84859850033682,239.93344421047345
2017-02-19 11:00:00,169.0,82.04242285506832,-75.84859850033682,239.93344421047345
2017-02-19 12:00:00,195.0,82.04242285506832,-75.84859850033682,239.93344421047345
2017-02-19 13:00:00,189.0,82.04242285506832,-75.84859850033682,239.93344421047345
2017-02-19 14:00:00,168.0,82.04242285506832,-75.84859850033682,239.93344421047345
2017-02-19 15:00:00,91.0,82.04242285506832,-75.84859850033682,239.93344421047345
2017-02-19 16:00:00,17.0,82.04242285506832,-75.84859850033682,239.93344421047345
2017-02-19 17:00:00,13.0,82.04242285506832,-75.84859850033682,239.93344421047345
2017-02-19 18:00:00,7.0,82.04242285506832,-75.84859850033682,239.93344421047345
2017-02-19 19:00:00,7.0,82.04242285506832,-75.84859850033682,239.93344421047345
2017-02-19 20:00:00,12.0,82.04242285506832,-75.84859850033682,239.93344421047345
2017-02-19 21:00:00,6.0,82.04242285506832,-75.84859850033682,239.93344421047345
2017-02-19 22:00:00,8.0,82.04242285506832,-75.84859850033682,239.93344421047345
2017-02-19 23:00:00,5.0,82.04242285506832,-75.84859850033682,239.93344421047345
2017-02-20 00:00:00,5.0,82.04242285506832,-75.84859850033682,239.93344421047345
2017-02-20 01:00:00,3.0,82.04242285506832,-75.84859850033682,239.93344421047345
2017-02-20 02:00:00,6.0,82.04242285506832,-75.84859850033682,239.93344421047345
2017-02-20 03:00:00,3.0,82.04242285506832,-75.84859850033682,239.93344421047345
2017-02-20 04:00:00,4.0,82.04242285506832,-75.84859850033682,239.93344421047345
2017-02-20 05:00:00,8.0,82.04242285506832,-75.84859850033682,239.93344421047345
2017-02-20 06:00:00,6.0,82.04242285506832,-75.84859850033682,239.93344421047345
2017-02-20 07:00:00,3.0,82.04242285506832,-75.84859850033682,239.93344421047345
2017-02-20 08:00:00,5.0,82.04242285506832,-75.84859850033682,239.93344421047345
2017-02-20 09:00:00,3.0,82.04242285506832,-75.84859850033682,239.93344421047345
2017-02-20 10:00:00,8.0,82.04242285506832,-75.84859850033682,239.93344421047345
2017-02-20 11:00:00,9.0,82.04242285506832,-75.84859850033682,239.93344421047345
2017-02-20 12:00:00,8.0,82.04242285506832,-75.84859850033682,239.93344421047345
2017-02-20 13:00:00,7.0,82.04242285506832,-75.84859850033682,239.93344421047345
2017-02-20 14:00:00,12.0,82.04242285506832,-75.84859850033682,239.93344421047345
2017-02-20 15:00:00,11.333333333333334,82.04242285506832,-75.84859850033682,239.93344421047345
2017-02-20 16:00:00,10.666666666666666,82.04242285506832,-75.84859850033682,239.93344421047345
2017-02-20 17:00:00,10.0,82.04242285506832,-75.84859850033682,239.93344421047345
2017-02-20 18:00:00,12.5,82.04242285506832,-75.84859850033682,239.93344421047345
2017-02-20 19:00:00,15.0,82.04242285506832,-75.84859850033682,239.93344421047345
2017-02-20 20:00:00,16.0,82.04242285506832,-75.84859850033682,239.93344421047345
2017-02-20 21:00:00,20.0,82.04242285506832,-75.84859850033682,239.93344421047345
2017-02-20 22:00:00,25.0,82.04242285506832,-75.84859850033682,239.93344421047345
2017-02-20 23:00:00,28.0,82.04242285506832,-75.84859850033682,239.93344421047345
2017-02-21 00:00:00,34.0,82.04242285506832,-75.84859850033682,239.93344421047345
2017-02-21 01:00:00,40.0,82.04242285506832,-75.84859850033682,239.93344421047345
2017-02-21 02:00:00,46.0,82.04242285506832,-75.84859850033682,239.93344421047345
2017-02-21 03:00:00,50.0,82.04242285506832,-75.84859850033682,239.93344421047345
2017-02-21 04:00:00,63.33333333333333,82.04242285506832,-75.84859850033682,239.93344421047345
2017-02-21 05:00:00,76.66666666666666,82.04242285506832,-75.84859850033682,239.93344421047345
2017-02-21 06:00:00,90.0,82.04242285506832,-75.84859850033682,239.93344421047345
2017-02-21 07:00:00,84.66666666666667,82.04242285506832,-75.84859850033682,239.93344421047345
2017-02-21 08:00:00,79.33333333333333,82.04242285506832,-75.84859850033682,239.93344421047345
2017-02-21 09:00:00,74.0,82.04242285506832,-75.84859850033682,239.93344421047345
2017-02-21 10:00:00,102.0,82.04242285506832,-75.84859850033682,239.93344421047345
2017-02-21 11:00:00,96.5,82.04242285506832,-75.84859850033682,239.93344421047345
2017-02-21 12:00:00,91.0,82.04242285506832,-75.84859850033682,239.93344421047345
2017-02-21 13:00:00,66.5,82.04242285506832,-75.84859850033682,239.93344421047345
2017-02-21 14:00:00,42.0,82.04242285506832,-75.84859850033682,239.93344421047345
2017-02-21 15:00:00,40.0,82.04242285506832,-75.84859850033682,239.93344421047345
2017-02-21 16:00:00,28.0,82.04242285506832,-75.84859850033682,239.93344421047345
2017-02-21 17:00:00,21.0,82.04242285506832,-75.84859850033682,239.93344421047345
2017-02-21 18:00:00,29.0,82.04242285506832,-75.84859850033682,239.93344421047345
2017-02-21 19:00:00,31.0,82.04242285506832,-75.84859850033682,239.93344421047345
2017-02-21 20:00:00,47.0,82.04242285506832,-75.84859850033682,239.93344421047345
2017-02-21 21:00:00,67.0,82.04242285506832,-75.84859850033682,239.93344421047345
2017-02-21 22:00:00,60.0,82.04242285506832,-75.84859850033682,239.93344421047345
2017-02-21 23:00:00,62.0,82.04242285506832,-75.84859850033682,239.93344421047345
2017-02-22 00:00:00,55.0,82.04242285506832,-75.84859850033682,239.93344421047345
2017-02-22 01:00:00,70.0,82.04242285506832,-75.84859850033682,239.93344421047345
2017-02-22 02:00:00,81.0,82.04242285506832,-75.84859850033682,239.93344421047345
2017-02-22 03:00:00,88.0,82.04242285506832,-75.84859850033682,239.93344421047345
2017-02-22 04:00:00,86.0,82.04242285506832,-75.84859850033682,239.93344421047345
2017-02-22 05:00:00,86.0,82.04242285506832,-75.84859850033682,239.93344421047345
2017-02-22 06:00:00,91.0,82.04242285506832,-75.84859850033682,239.93344421047345
2017-02-22 07:00:00,95.0,82.04242285506832,-75.84859850033682,239.93344421047345
2017-02-22 08:00:00,95.0,82.04242285506832,-75.84859850033682,239.93344421047345
2017-02-22 09:00:00,108.0,82.04242285506832,-75.84859850033682,239.93344421047345
2017-02-22 10:00:00,114.0,82.04242285506832,-75.84859850033682,239.93344421047345
2017-02-22 11:00:00,131.0,82.04242285506832,-75.84859850033682,239.93344421047345
2017-02-22 12:00:00,142.0,82.04242285506832,-75.84859850033682,239.93344421047345
2017-02-22 13:00:00,139.0,82.04242285506832,-75.84859850033682,239.93344421047345
2017-02-22 14:00:00,147.0,82.04242285506832,-75.84859850033682,239.93344421047345
2017-02-22 15:00:00,145.0,82.04242285506832,-75.84859850033682,239.93344421047345
2017-02-22 16:00:00,131.0,82.04242285506832,-75.84859850033682,239.93344421047345
2017-02-22 17:00:00,28.0,82.04242285506832,-75.84859850033682,239.93344421047345
2017-02-22 18:00:00,11.0,82.04242285506832,-75.84859850033682,239.93344421047345
2017-02-22 19:00:00,10.0,82.04242285506832,-75.84859850033682,239.93344421047345
2017-02-22 20:00:00,14.0,82.04242285506832,-75.84859850033682,239.93344421047345
2017-02-22 21:00:00,14.0,82.04242285506832,-75.84859850033682,239.93344421047345
2017-02-22 22:00:00,15.0,82.04242285506832,-75.84859850033682,239.93344421047345
2017-02-22 23:00:00,12.0,82.04242285506832,-75.84859850033682,239.93344421047345
2017-02-23 00:00:00,13.0,82.04242285506832,-75.84859850033682,239.93344421047345
2017-02-23 01:00:00,15.0,82.04242285506832,-75.84859850033682,239.93344421047345
2017-02-23 02:00:00,11.0,82.04242285506832,-75.84859850033682,239.93344421047345
2017-02-23 03:00:00,12.0,82.04242285506832,-75.84859850033682,239.93344421047345
2017-02-23 04:00:00,15.0,82.04242285506832,-75.84859850033682,239.93344421047345
2017-02-23 05:00:00,13.0,82.04242285506832,-75.84859850033682,239.93344421047345
2017-02-23 06:00:00,13.0,82.04242285506832,-75.84859850033682,239.93344421047345
2017-02-23 07:00:00,11.0,82.04242285506832,-75.84859850033682,239.93344421047345
2017-02-23 08:00:00,15.0,82.04242285506832,-75.84859850033682,239.93344421047345
2017-02-23 09:00:00,12.0,82.04242285506832,-75.84859850033682,239.93344421047345
2017-02-23 10:00:00,11.0,82.04242285506832,-75.84859850033682,239.93344421047345
2017-02-23 11:00:00,13.0,82.04242285506832,-75.84859850033682,239.93344421047345
2017-02-23 12:00:00,13.0,82.04242285506832,-75.84859850033682,239.93344421047345
2017-02-23 13:00:00,12.0,82.04242285506832,-75.84859850033682,239.93344421047345
2017-02-23 14:00:00,3.0,82.04242285506832,-75.84859850033682,239.93344421047345
2017-02-23 15:00:00,18.0,82.04242285506832,-75.84859850033682,239.93344421047345
2017-02-23 16:00:00,31.0,82.04242285506832,-75.84859850033682,239.93344421047345
2017-02-23 17:00:00,23.0,82.04242285506832,-75.84859850033682,239.93344421047345
2017-02-23 18:00:00,10.0,82.04242285506832,-75.84859850033682,239.93344421047345
2017-02-23 19:00:00,6.0,82.04242285506832,-75.84859850033682,239.93344421047345
2017-02-23 20:00:00,33.0,82.04242285506832,-75.84859850033682,239.93344421047345
2017-02-23 21:00:00,26.0,82.04242285506832,-75.84859850033682,239.93344421047345
2017-02-23 22:00:00,30.0,82.04242285506832,-75.84859850033682,239.93344421047345
2017-02-23 23:00:00,45.0,82.04242285506832,-75.84859850033682,239.93344421047345
2017-02-24 00:00:00,46.0,82.04242285506832,-75.84859850033682,239.93344421047345
2017-02-24 01:00:00,48.0,82.04242285506832,-75.84859850033682,239.93344421047345
2017-02-24 02:00:00,36.0,82.04242285506832,-75.84859850033682,239.93344421047345
2017-02-24 03:00:00,36.0,82.04242285506832,-75.84859850033682,239.93344421047345
2017-02-24 04:00:00,28.0,82.04242285506832,-75.84859850033682,239.93344421047345
2017-02-24 05:00:00,23.0,82.04242285506832,-75.84859850033682,239.93344421047345
2017-02-24 06:00:00,16.0,82.04242285506832,-75.84859850033682,239.93344421047345
2017-02-24 07:00:00,20.0,82.04242285506832,-75.84859850033682,239.93344421047345
2017-02-24 08:00:00,20.0,82.04242285506832,-75.84859850033682,239.93344421047345
2017-02-24 09:00:00,26.0,82.04242285506832,-75.84859850033682,239.93344421047345
2017-02-24 10:00:00,23.0,82.04242285506832,-75.84859850033682,239.93344421047345
2017-02-24 11:00:00,22.0,82.04242285506832,-75.84859850033682,239.93344421047345
2017-02-24 12:00:00,21.0,82.04242285506832,-75.84859850033682,239.93344421047345
2017-02-24 13:00:00,16.0,82.04242285506832,-75.84859850033682,239.93344421047345
2017-02-24 14:00:00,16.0,82.04242285506832,-75.84859850033682,239.93344421047345
2017-02-24 15:00:00,18.0,82.04242285506832,-75.84859850033682,239.93344421047345
2017-02-24 16:00:00,11.0,82.04242285506832,-75.84859850033682,239.93344421047345
2017-02-24 17:00:00,11.0,82.04242285506832,-75.84859850033682,239.93344421047345
2017-02-24 18:00:00,9.0,82.04242285506832,-75.84859850033682,239.93344421047345
2017-02-24 19:00:00,11.0,82.04242285506832,-75.84859850033682,239.93344421047345
2017-02-24 20:00:00,10.0,82.04242285506832,-75.84859850033682,239.93344421047345
2017-02-24 21:00:00,14.0,82.04242285506832,-75.84859850033682,239.93344421047345
2017-02-24 22:00:00,18.0,82.04242285506832,-75.84859850033682,239.93344421047345
2017-02-24 23:00:00,18.0,82.04242285506832,-75.84859850033682,239.93344421047345
2017-02-25 00:00:00,12.0,82.04242285506832,-75.84859850033682,239.93344421047345
2017-02-25 01:00:00,7.0,82.04242285506832,-75.84859850033682,239.93344421047345
2017-02-25 02:00:00,11.0,82.04242285506832,-75.84859850033682,239.93344421047345
2017-02-25 03:00:00,7.0,82.04242285506832,-75.84859850033682,239.93344421047345
2017-02-25 04:00:00,13.0,82.04242285506832,-75.84859850033682,239.93344421047345
2017-02-25 05:00:00,13.0,82.04242285506832,-75.84859850033682,239.93344421047345
2017-02-25 06:00:00,3.0,82.04242285506832,-75.84859850033682,239.93344421047345
2017-02-25 07:00:00,11.0,82.04242285506832,-75.84859850033682,239.93344421047345
2017-02-25 08:00:00,5.0,82.04242285506832,-75.84859850033682,239.93344421047345
2017-02-25 09:00:00,7.0,82.04242285506832,-75.84859850033682,239.93344421047345
2017-02-25 10:00:00,17.0,82.04242285506832,-75.84859850033682,239.93344421047345
2017-02-25 11:00:00,9.0,82.04242285506832,-75.84859850033682,239.93344421047345
2017-02-25 12:00:00,12.0,82.04242285506832,-75.84859850033682,239.93344421047345
2017-02-25 13:00:00,7.0,82.04242285506832,-75.84859850033682,239.93344421047345
2017-02-25 14:00:00,10.0,82.04242285506832,-75.84859850033682,239.93344421047345
2017-02-25 15:00:00,8.0,82.04242285506832,-75.84859850033682,239.93344421047345
2017-02-25 16:00:00,9.0,82.04242285506832,-75.84859850033682,239.93344421047345
2017-02-25 17:00:00,11.0,82.04242285506832,-75.84859850033682,239.93344421047345
2017-02-25 18:00:00,14.0,82.04242285506832,-75.84859850033682,239.93344421047345
2017-02-25 19:00:00,14.0,82.04242285506832,-75.84859850033682,239.93344421047345
2017-02-25 20:00:00,17.0,82.04242285506832,-75.84859850033682,239.93344421047345
2017-02-25 21:00:00,12.0,82.04242285506832,-75.84859850033682,239.93344421047345
2017-02-25 22:00:00,25.0,82.04242285506832,-75.84859850033682,239.93344421047345
2017-02-25 23:00:00,15.0,82.04242285506832,-75.84859850033682,239.93344421047345
2017-02-26 00:00:00,24.0,82.04242285506832,-75.84859850033682,239.93344421047345
2017-02-26 01:00:00,22.0,82.04242285506832,-75.84859850033682,239.93344421047345
2017-02-26 02:00:00,19.0,82.04242285506832,-75.84859850033682,239.93344421047345
2017-02-26 03:00:00,18.0,82.04242285506832,-75.84859850033682,239.93344421047345
2017-02-26 04:00:00,18.0,82.04242285506832,-75.84859850033682,239.93344421047345
2017-02-26 05:00:00,25.0,82.04242285506832,-75.84859850033682,239.93344421047345
2017-02-26 06:00:00,30.0,82.04242285506832,-75.84859850033682,239.93344421047345
2017-02-26 07:00:00,32.0,82.04242285506832,-75.84859850033682,239.93344421047345
2017-02-26 08:00:00,30.0,82.04242285506832,-75.84859850033682,239.93344421047345
2017-02-26 09:00:00,19.0,82.04242285506832,-75.84859850033682,239.93344421047345
2017-02-26 10:00:00,20.0,82.04242285506832,-75.84859850033682,239.93344421047345
2017-02-26 11:00:00,31.0,82.04242285506832,-75.84859850033682,239.93344421047345
2017-02-26 12:00:00,26.0,82.04242285506832,-75.84859850033682,239.93344421047345
2017-02-26 13:00:00,23.0,82.04242285506832,-75.84859850033682,239.93344421047345
2017-02-26 14:00:00,24.0,82.04242285506832,-75.84859850033682,239.93344421047345
2017-02-26 15:00:00,24.0,82.04242285506832,-75.84859850033682,239.93344421047345
2017-02-26 16:00:00,26.0,82.04242285506832,-75.84859850033682,239.93344421047345
2017-02-26 17:00:00,29.0,82.04242285506832,-75.84859850033682,239.93344421047345
2017-02-26 18:00:00,30.0,82.04242285506832,-75.84859850033682,239.93344421047345
2017-02-26 19:00:00,30.0,82.04242285506832,-75.84859850033682,239.93344421047345
2017-02-26 20:00:00,36.0,82.04242285506832,-75.84859850033682,239.93344421047345
2017-02-26 21:00:00,42.0,82.04242285506832,-75.84859850033682,239.93344421047345
2017-02-26 22:00:00,51.0,82.04242285506832,-75.84859850033682,239.93344421047345
2017-02-26 23:00:00,46.0,82.04242285506832,-75.84859850033682,239.93344421047345
2017-02-27 00:00:00,38.0,82.04242285506832,-75.84859850033682,239.93344421047345
2017-02-27 01:00:00,55.0,82.04242285506832,-75.84859850033682,239.93344421047345
2017-02-27 02:00:00,77.0,82.04242285506832,-75.84859850033682,239.93344421047345
2017-02-27 03:00:00,85.0,82.04242285506832,-75.84859850033682,239.93344421047345
2017-02-27 04:00:00,94.0,82.04242285506832,-75.84859850033682,239.93344421047345
2017-02-27 05:00:00,96.0,82.04242285506832,-75.84859850033682,239.93344421047345
2017-02-27 06:00:00,80.0,82.04242285506832,-75.84859850033682,239.93344421047345
2017-02-27 07:00:00,73.0,82.04242285506832,-75.84859850033682,239.93344421047345
2017-02-27 08:00:00,61.0,82.04242285506832,-75.84859850033682,239.93344421047345
2017-02-27 09:00:00,52.0,82.04242285506832,-75.84859850033682,239.93344421047345
2017-02-27 10:00:00,89.0,82.04242285506832,-75.84859850033682,239.93344421047345
2017-02-27 11:00:00,122.0,82.04242285506832,-75.84859850033682,239.93344421047345
2017-02-27 12:00:00,115.66666666666667,82.04242285506832,-75.84859850033682,239.93344421047345
2017-02-27 13:00:00,109.33333333333333,82.04242285506832,-75.84859850033682,239.93344421047345
2017-02-27 14:00:00,103.0,82.04242285506832,-75.84859850033682,239.93344421047345
2017-02-27 15:00:00,95.0,82.04242285506832,-75.84859850033682,239.93344421047345
2017-02-27 16:00:00,75.0,82.04242285506832,-75.84859850033682,239.93344421047345
2017-02-27 17:00:00,58.0,82.04242285506832,-75.84859850033682,239.93344421047345
2017-02-27 18:00:00,47.0,82.04242285506832,-75.84859850033682,239.93344421047345
2017-02-27 19:00:00,51.0,82.04242285506832,-75.84859850033682,239.93344421047345
2017-02-27 20:00:00,51.0,82.04242285506832,-75.84859850033682,239.93344421047345
2017-02-27 21:00:00,53.0,82.04242285506832,-75.84859850033682,239.93344421047345
2017-02-27 22:00:00,58.0,82.04242285506832,-75.84859850033682,239.93344421047345
2017-02-27 23:00:00,70.0,82.04242285506832,-75.84859850033682,239.93344421047345
2017-02-28 00:00:00,56.0,82.04242285506832,-75.84859850033682,239.93344421047345
2017-02-28 01:00:00,15.0,82.04242285506832,-75.84859850033682,239.93344421047345
2017-02-28 02:00:00,9.0,82.04242285506832,-75.84859850033682,239.93344421047345
2017-02-28 03:00:00,7.0,82.04242285506832,-75.84859850033682,239.93344421047345
2017-02-28 04:00:00,13.0,82.04242285506832,-75.84859850033682,239.93344421047345
2017-02-28 05:00:00,12.0,82.04242285506832,-75.84859850033682,239.93344421047345
2017-02-28 06:00:00,9.0,82.04242285506832,-75.84859850033682,239.93344421047345
2017-02-28 07:00:00,11.0,82.04242285506832,-75.84859850033682,239.93344421047345
2017-02-28 08:00:00,13.0,82.04242285506832,-75.84859850033682,239.93344421047345
2017-02-28 09:00:00,12.0,82.04242285506832,-75.84859850033682,239.93344421047345
2017-02-28 10:00:00,11.0,82.04242285506832,-75.84859850033682,239.93344421047345
2017-02-28 11:00:00,7.0,82.04242285506832,-75.84859850033682,239.93344421047345
2017-02-28 12:00:00,6.0,82.04242285506832,-75.84859850033682,239.93344421047345
2017-02-28 13:00:00,6.0,82.04242285506832,-75.84859850033682,239.93344421047345
2017-02-28 14:00:00,5.0,82.04242285506832,-75.84859850033682,239.93344421047345
2017-02-28 15:00:00,6.0,82.04242285506832,-75.84859850033682,239.93344421047345
2017-02-28 16:00:00,12.0,82.04242285506832,-75.84859850033682,239.93344421047345
2017-02-28 17:00:00,12.0,82.04242285506832,-75.84859850033682,239.93344421047345
2017-02-28 18:00:00,13.0,82.04242285506832,-75.84859850033682,239.93344421047345
2017-02-28 19:00:00,12.0,82.04242285506832,-75.84859850033682,239.93344421047345
2017-02-28 20:00:00,13.0,82.04242285506832,-75.84859850033682,239.93344421047345
2017-02-28 21:00:00,16.0,82.04242285506832,-75.84859850033682,239.93344421047345
2017-02-28 22:00:00,21.0,82.04242285506832,-75.84859850033682,239.93344421047345
2017-02-28 23:00:00,19.0,82.04242285506832,-75.84859850033682,239.93344421047345
